scraped_org_name,source_type,source_name,role,source_url,verified_nonprofit,propublica_ein,propublica_org_name
Maliasili,trade_group,Council on Foundations,member,https://cof.org/member-directory/non-members,,,
United Way of Passaic County,trade_group,Council on Foundations,member,https://cof.org/member-directory/non-members,,,
"10,000 Degrees",trade_group,Council on Foundations,member,https://cof.org/member-directory/non-members,,,
ABFE,trade_group,Council on Foundations,member,https://cof.org/member-directory/non-members,,,
Absarokee Community Foundation,trade_group,Council on Foundations,member,https://cof.org/member-directory/non-members,,,
ACT for Alexandria,trade_group,Council on Foundations,member,https://cof.org/member-directory/non-members,,,
Acton Family Giving,trade_group,Council on Foundations,member,https://cof.org/member-directory/non-members,,,
Adams County Community Foundation (PA),trade_group,Council on Foundations,member,https://cof.org/member-directory/non-members,,,
Adams County Community Foundation (OH),trade_group,Council on Foundations,member,https://cof.org/member-directory/non-members,,,
Adirondack Community Foundation,trade_group,Council on Foundations,member,https://cof.org/member-directory/non-members,,,
Advanced Technology International Foundation,trade_group,Council on Foundations,member,https://cof.org/member-directory/non-members,,,
Agog,trade_group,Council on Foundations,member,https://cof.org/member-directory/non-members,,,
The Alaska Community Foundation,trade_group,Council on Foundations,member,https://cof.org/member-directory/non-members,,,
Alexandria Area Community Foundation,trade_group,Council on Foundations,member,https://cof.org/member-directory/non-members,,,
Alger Regional Community Foundation,trade_group,Council on Foundations,member,https://cof.org/member-directory/non-members,,,
Algernon Sydney Sullivan Foundation,trade_group,Council on Foundations,member,https://cof.org/member-directory/non-members,,,
Alisann and Terry Collins Foundation,trade_group,Council on Foundations,member,https://cof.org/member-directory/non-members,,,
Allen Family Philanthropies,trade_group,Council on Foundations,member,https://cof.org/member-directory/non-members,,,
Alliance for Justice,trade_group,Council on Foundations,member,https://cof.org/member-directory/non-members,,,
Alliance Healthcare Foundation,trade_group,Council on Foundations,member,https://cof.org/member-directory/non-members,,,
The Allstate Foundation,trade_group,Council on Foundations,member,https://cof.org/member-directory/non-members,,,
Altman Foundation,trade_group,Council on Foundations,member,https://cof.org/member-directory/non-members,,,
Amalgamated Foundation,trade_group,Council on Foundations,member,https://cof.org/member-directory/non-members,,,
American Association of University Women (AAUW),trade_group,Council on Foundations,member,https://cof.org/member-directory/non-members,,,
American Express Company,trade_group,Council on Foundations,member,https://cof.org/member-directory/non-members,,,
American Express Foundation,trade_group,Council on Foundations,member,https://cof.org/member-directory/non-members,,,
American Psychological Foundation,trade_group,Council on Foundations,member,https://cof.org/member-directory/non-members,,,
"American Tower Charitable Foundation, Inc.",trade_group,Council on Foundations,member,https://cof.org/member-directory/non-members,,,
AmeriHealth Caritas Foundation,trade_group,Council on Foundations,member,https://cof.org/member-directory/non-members,,,
Anaheim Community Foundation,trade_group,Council on Foundations,member,https://cof.org/member-directory/non-members,,,
Anchorum Health Foundation,trade_group,Council on Foundations,member,https://cof.org/member-directory/non-members,,,
"Anderson-Rogers Foundation, Inc.",trade_group,Council on Foundations,member,https://cof.org/member-directory/non-members,,,
Ann Arbor Area Community Foundation,trade_group,Council on Foundations,member,https://cof.org/member-directory/non-members,,,
The Anne and Henry Zarrow Foundation,trade_group,Council on Foundations,member,https://cof.org/member-directory/non-members,,,
Anne Ray Charitable Trust,trade_group,Council on Foundations,member,https://cof.org/member-directory/non-members,,,
Appalachia Funders Network,trade_group,Council on Foundations,member,https://cof.org/member-directory/non-members,,,
Arizona Community Foundation of Yuma,trade_group,Council on Foundations,member,https://cof.org/member-directory/non-members,,,
Arizona Community Foundation,trade_group,Council on Foundations,member,https://cof.org/member-directory/non-members,,,
Arizona Foundation for Women Inc.,trade_group,Council on Foundations,member,https://cof.org/member-directory/non-members,,,
"Arkansas Community Foundation, Inc.",trade_group,Council on Foundations,member,https://cof.org/member-directory/non-members,,,
Arlington Community Foundation,trade_group,Council on Foundations,member,https://cof.org/member-directory/non-members,,,
Arlington Tomorrow Foundation,trade_group,Council on Foundations,member,https://cof.org/member-directory/non-members,,,
Armstrong County Community Foundation,trade_group,Council on Foundations,member,https://cof.org/member-directory/non-members,,,
Ashland County Community Foundation,trade_group,Council on Foundations,member,https://cof.org/member-directory/non-members,,,
Asian Americans/Pacific Islanders in Philanthropy,trade_group,Council on Foundations,member,https://cof.org/member-directory/non-members,,,
Aspen Community Foundation,trade_group,Council on Foundations,member,https://cof.org/member-directory/non-members,,,
Associated Bank,trade_group,Council on Foundations,member,https://cof.org/member-directory/non-members,,,
"Athens Area Community Foundation, Inc.",trade_group,Council on Foundations,member,https://cof.org/member-directory/non-members,,,
Athletes Care Association Inc.,trade_group,Council on Foundations,member,https://cof.org/member-directory/non-members,,,
Autauga Area Community Foundation,trade_group,Council on Foundations,member,https://cof.org/member-directory/non-members,,,
Avery Dennison Foundation,trade_group,Council on Foundations,member,https://cof.org/member-directory/non-members,,,
"Bader Philanthropies, Inc.",trade_group,Council on Foundations,member,https://cof.org/member-directory/non-members,,,
Bainbridge Community Foundation,trade_group,Council on Foundations,member,https://cof.org/member-directory/non-members,,,
Baker Tilly Foundation,trade_group,Council on Foundations,member,https://cof.org/member-directory/non-members,,,
Baltimore Community Foundation,trade_group,Council on Foundations,member,https://cof.org/member-directory/non-members,,,
Bank of Marin Foundation,trade_group,Council on Foundations,member,https://cof.org/member-directory/non-members,,,
Barberton Community Foundation,trade_group,Council on Foundations,member,https://cof.org/member-directory/non-members,,,
Barnesville-Lamar Community Foundation,trade_group,Council on Foundations,member,https://cof.org/member-directory/non-members,,,
Barr Foundation,trade_group,Council on Foundations,member,https://cof.org/member-directory/non-members,,,
Barrow Community Foundation,trade_group,Council on Foundations,member,https://cof.org/member-directory/non-members,,,
Barry Community Foundation,trade_group,Council on Foundations,member,https://cof.org/member-directory/non-members,,,
Bartlesville Community Foundation,trade_group,Council on Foundations,member,https://cof.org/member-directory/non-members,,,
Bartlesville Public Schools Foundation,trade_group,Council on Foundations,member,https://cof.org/member-directory/non-members,,,
BDO USA,trade_group,Council on Foundations,member,https://cof.org/member-directory/non-members,,,
The Beacon Fund,trade_group,Council on Foundations,member,https://cof.org/member-directory/non-members,,,
"Beckley Area Foundation, Inc.",trade_group,Council on Foundations,member,https://cof.org/member-directory/non-members,,,
Benicia Community Foundation,trade_group,Council on Foundations,member,https://cof.org/member-directory/non-members,,,
Benton Community Foundation (OR),trade_group,Council on Foundations,member,https://cof.org/member-directory/non-members,,,
Berks County Community Foundation,trade_group,Council on Foundations,member,https://cof.org/member-directory/non-members,,,
Betterworld Trust,trade_group,Council on Foundations,member,https://cof.org/member-directory/non-members,,,
"The Beveridge Family Foundation, Inc.",trade_group,Council on Foundations,member,https://cof.org/member-directory/non-members,,,
Billings Community Foundation,trade_group,Council on Foundations,member,https://cof.org/member-directory/non-members,,,
"Bingham, Osborn & Scarborough",trade_group,Council on Foundations,member,https://cof.org/member-directory/non-members,,,
Binnacle House,trade_group,Council on Foundations,member,https://cof.org/member-directory/non-members,,,
"Black Family Philanthropies, Inc.",trade_group,Council on Foundations,member,https://cof.org/member-directory/non-members,,,
Black Hills Area Community Foundation,trade_group,Council on Foundations,member,https://cof.org/member-directory/non-members,,,
Black Mountain - Swannanoa Valley Foundation,trade_group,Council on Foundations,member,https://cof.org/member-directory/non-members,,,
Black River Falls Area Foundation,trade_group,Council on Foundations,member,https://cof.org/member-directory/non-members,,,
Blackfeet Community Endowment Fund,trade_group,Council on Foundations,member,https://cof.org/member-directory/non-members,,,
Blaine County Community Foundation,trade_group,Council on Foundations,member,https://cof.org/member-directory/non-members,,,
Arthur M. Blank Family Foundation,trade_group,Council on Foundations,member,https://cof.org/member-directory/non-members,,,
Florida Blue Foundation,trade_group,Council on Foundations,member,https://cof.org/member-directory/non-members,,,
"Blue Cross of Idaho Foundation for Health, Inc.",trade_group,Council on Foundations,member,https://cof.org/member-directory/non-members,,,
Blue Grass Community Foundation,trade_group,Council on Foundations,member,https://cof.org/member-directory/non-members,,,
Blue Shield of California Foundation,trade_group,Council on Foundations,member,https://cof.org/member-directory/non-members,,,
Bodman PLC,trade_group,Council on Foundations,member,https://cof.org/member-directory/non-members,,,
Bonfils-Stanton Foundation,trade_group,Council on Foundations,member,https://cof.org/member-directory/non-members,,,
Boone County Community Foundation (IL),trade_group,Council on Foundations,member,https://cof.org/member-directory/non-members,,,
"Boone County Community Foundation, Inc. (WV)",trade_group,Council on Foundations,member,https://cof.org/member-directory/non-members,,,
Boreal Waters Community Foundation,trade_group,Council on Foundations,member,https://cof.org/member-directory/non-members,,,
Borrego Valley Endowment Fund,trade_group,Council on Foundations,member,https://cof.org/member-directory/non-members,,,
Boston Scientific Foundation,trade_group,Council on Foundations,member,https://cof.org/member-directory/non-members,,,
The Braddock Family Foundation,trade_group,Council on Foundations,member,https://cof.org/member-directory/non-members,,,
Brainerd Lakes Area Community Foundation,trade_group,Council on Foundations,member,https://cof.org/member-directory/non-members,,,
Briar Hill Foundation,trade_group,Council on Foundations,member,https://cof.org/member-directory/non-members,,,
Broadwater Community Foundation,trade_group,Council on Foundations,member,https://cof.org/member-directory/non-members,,,
Brooklyn Org,trade_group,Council on Foundations,member,https://cof.org/member-directory/non-members,,,
Brooks Institute for Animal Rights Law and Policy,trade_group,Council on Foundations,member,https://cof.org/member-directory/non-members,,,
Broomfield Community Foundation,trade_group,Council on Foundations,member,https://cof.org/member-directory/non-members,,,
"James Graham Brown Foundation, Inc.",trade_group,Council on Foundations,member,https://cof.org/member-directory/non-members,,,
Brown-Forman Foundation,trade_group,Council on Foundations,member,https://cof.org/member-directory/non-members,,,
Peter and Carmen Lucia Buck Foundation,trade_group,Council on Foundations,member,https://cof.org/member-directory/non-members,,,
Bucks County Foundation,trade_group,Council on Foundations,member,https://cof.org/member-directory/non-members,,,
Buhl Regional Health Foundation,trade_group,Council on Foundations,member,https://cof.org/member-directory/non-members,,,
Bulat Utemuratov Foundation,trade_group,Council on Foundations,member,https://cof.org/member-directory/non-members,,,
Bunbury Company,trade_group,Council on Foundations,member,https://cof.org/member-directory/non-members,,,
Burton Family Foundation,trade_group,Council on Foundations,member,https://cof.org/member-directory/non-members,,,
Bush Foundation,trade_group,Council on Foundations,member,https://cof.org/member-directory/non-members,,,
C.S. Fund,trade_group,Council on Foundations,member,https://cof.org/member-directory/non-members,,,
The Calgary Foundation,trade_group,Council on Foundations,member,https://cof.org/member-directory/non-members,true,980221240,The Calgary Foundation
California Black Freedom Fund,trade_group,Council on Foundations,member,https://cof.org/member-directory/non-members,,,
California Community Foundation,trade_group,Council on Foundations,member,https://cof.org/member-directory/non-members,,,
California HealthCare Foundation,trade_group,Council on Foundations,member,https://cof.org/member-directory/non-members,,,
The California Wellness Foundation,trade_group,Council on Foundations,member,https://cof.org/member-directory/non-members,,,
Camber Foundation,trade_group,Council on Foundations,member,https://cof.org/member-directory/non-members,,,
Camp Hill Community Foundation,trade_group,Council on Foundations,member,https://cof.org/member-directory/non-members,,,
Candid,trade_group,Council on Foundations,member,https://cof.org/member-directory/non-members,,,
Carbon County Community Foundation,trade_group,Council on Foundations,member,https://cof.org/member-directory/non-members,,,
Caring Community Foundation,trade_group,Council on Foundations,member,https://cof.org/member-directory/non-members,,,
Carlsbad Community Foundation,trade_group,Council on Foundations,member,https://cof.org/member-directory/non-members,,,
Carmel Hill Fund,trade_group,Council on Foundations,member,https://cof.org/member-directory/non-members,,,
Carnegie Corporation of New York,trade_group,Council on Foundations,member,https://cof.org/member-directory/non-members,,,
Carter County Community Foundation,trade_group,Council on Foundations,member,https://cof.org/member-directory/non-members,,,
The Annie E. Casey Foundation,trade_group,Council on Foundations,member,https://cof.org/member-directory/non-members,,,
Marguerite Casey Foundation,trade_group,Council on Foundations,member,https://cof.org/member-directory/non-members,,,
Casey Family Programs,trade_group,Council on Foundations,member,https://cof.org/member-directory/non-members,,,
Cass County Community Foundation (IN),trade_group,Council on Foundations,member,https://cof.org/member-directory/non-members,,,
Harold K.L. Castle Foundation,trade_group,Council on Foundations,member,https://cof.org/member-directory/non-members,,,
Cattaraugus Region Community Foundation,trade_group,Council on Foundations,member,https://cof.org/member-directory/non-members,,,
Caufield Family Foundation,trade_group,Council on Foundations,member,https://cof.org/member-directory/non-members,,,
Community Foundation of Cedar County,trade_group,Council on Foundations,member,https://cof.org/member-directory/non-members,,,
Cedar Falls Community Foundation,trade_group,Council on Foundations,member,https://cof.org/member-directory/non-members,,,
Missoula Community Foundation,trade_group,Council on Foundations,member,https://cof.org/member-directory/non-members,,,
"Central Alabama Community Foundation, Inc.",trade_group,Council on Foundations,member,https://cof.org/member-directory/non-members,,,
Central Kansas Community Foundation,trade_group,Council on Foundations,member,https://cof.org/member-directory/non-members,,,
Central Kentucky Community Foundation,trade_group,Council on Foundations,member,https://cof.org/member-directory/non-members,,,
Central Louisiana Community Foundation,trade_group,Council on Foundations,member,https://cof.org/member-directory/non-members,,,
Central Minnesota Community Foundation,trade_group,Council on Foundations,member,https://cof.org/member-directory/non-members,false,,
"Central New York Community Foundation, Inc.",trade_group,Council on Foundations,member,https://cof.org/member-directory/non-members,,,
Centre Foundation,trade_group,Council on Foundations,member,https://cof.org/member-directory/non-members,,,
"CF Foundation, Inc.",trade_group,Council on Foundations,member,https://cof.org/member-directory/non-members,,,
CFLeads,trade_group,Council on Foundations,member,https://cof.org/member-directory/non-members,,,
Chaffee County Community Foundation,trade_group,Council on Foundations,member,https://cof.org/member-directory/non-members,,,
Chan Zuckerberg Initiative,trade_group,Council on Foundations,member,https://cof.org/member-directory/non-members,,,
Charitable Foundation of the Islands,trade_group,Council on Foundations,member,https://cof.org/member-directory/non-members,true,274027791,Charitable Foundation Of The Islands Inc
CAF America,trade_group,Council on Foundations,member,https://cof.org/member-directory/non-members,,,
Charlotte Community Foundation,trade_group,Council on Foundations,member,https://cof.org/member-directory/non-members,,,
Charlottesville Area Community Foundation,trade_group,Council on Foundations,member,https://cof.org/member-directory/non-members,,,
"Chautauqua Region Community Foundation, Inc.",trade_group,Council on Foundations,member,https://cof.org/member-directory/non-members,,,
"Cherokee Preservation Foundation, Inc.",trade_group,Council on Foundations,member,https://cof.org/member-directory/non-members,,,
"Chesapeake Charities, Inc.",trade_group,Council on Foundations,member,https://cof.org/member-directory/non-members,,,
Chester County Community Foundation,trade_group,Council on Foundations,member,https://cof.org/member-directory/non-members,,,
The Christ Foundation,trade_group,Council on Foundations,member,https://cof.org/member-directory/non-members,,,
The Christensen Fund,trade_group,Council on Foundations,member,https://cof.org/member-directory/non-members,,,
Chuckanut Health Foundation,trade_group,Council on Foundations,member,https://cof.org/member-directory/non-members,,,
Cisco Systems Foundation,trade_group,Council on Foundations,member,https://cof.org/member-directory/non-members,,,
Citi Foundation,trade_group,Council on Foundations,member,https://cof.org/member-directory/non-members,,,
Citizens Charitable Foundation,trade_group,Council on Foundations,member,https://cof.org/member-directory/non-members,,,
Clara Lionel Foundation,trade_group,Council on Foundations,member,https://cof.org/member-directory/non-members,,,
"Clark Hill, P.L.C.",trade_group,Council on Foundations,member,https://cof.org/member-directory/non-members,,,
Clay County Community Foundation,trade_group,Council on Foundations,member,https://cof.org/member-directory/non-members,,,
Clementine Fund,trade_group,Council on Foundations,member,https://cof.org/member-directory/non-members,,,
CLIMA Fund,trade_group,Council on Foundations,member,https://cof.org/member-directory/non-members,,,
The Climate and Clean Energy Equity Fund,trade_group,Council on Foundations,member,https://cof.org/member-directory/non-members,,,
Clive Community Foundation,trade_group,Council on Foundations,member,https://cof.org/member-directory/non-members,,,
Coastal Bend Community Foundation,trade_group,Council on Foundations,member,https://cof.org/member-directory/non-members,,,
Coastal Community Foundation,trade_group,Council on Foundations,member,https://cof.org/member-directory/non-members,,,
The Cobb Community Foundation,trade_group,Council on Foundations,member,https://cof.org/member-directory/non-members,,,
Collaboratory,trade_group,Council on Foundations,member,https://cof.org/member-directory/non-members,,,
Colorado Gives Foundation,trade_group,Council on Foundations,member,https://cof.org/member-directory/non-members,,,
Colorado Health Foundation,trade_group,Council on Foundations,member,https://cof.org/member-directory/non-members,,,
Colorado Trust,trade_group,Council on Foundations,member,https://cof.org/member-directory/non-members,,,
Columbus Community Foundation Inc.,trade_group,Council on Foundations,member,https://cof.org/member-directory/non-members,,,
The Columbus Foundation,trade_group,Council on Foundations,member,https://cof.org/member-directory/non-members,,,
Comcast,trade_group,Council on Foundations,member,https://cof.org/member-directory/non-members,,,
Comer Family Foundation,trade_group,Council on Foundations,member,https://cof.org/member-directory/non-members,,,
"Commonwealth Charitable Management, Inc.",trade_group,Council on Foundations,member,https://cof.org/member-directory/non-members,,,
Commonwealth Fund,trade_group,Council on Foundations,member,https://cof.org/member-directory/non-members,,,
"Communities Foundation of Oklahoma, Inc.",trade_group,Council on Foundations,member,https://cof.org/member-directory/non-members,,,
Communities of Coastal Georgia Foundation,trade_group,Council on Foundations,member,https://cof.org/member-directory/non-members,,,
Community Chest of New Britain and Berlin Inc. Fund,trade_group,Council on Foundations,member,https://cof.org/member-directory/non-members,,,
Community Foundation Boulder County,trade_group,Council on Foundations,member,https://cof.org/member-directory/non-members,,,
Community Foundation for a Better Bigfork,trade_group,Council on Foundations,member,https://cof.org/member-directory/non-members,,,
Community Foundation for a Greater Richmond,trade_group,Council on Foundations,member,https://cof.org/member-directory/non-members,,,
"Community Foundation for Brevard, Inc.",trade_group,Council on Foundations,member,https://cof.org/member-directory/non-members,,,
Community Foundation for Greater Atlanta,trade_group,Council on Foundations,member,https://cof.org/member-directory/non-members,,,
Community Foundation for Greater Buffalo,trade_group,Council on Foundations,member,https://cof.org/member-directory/non-members,,,
The Community Foundation for Greater New Haven,trade_group,Council on Foundations,member,https://cof.org/member-directory/non-members,,,
Community Foundation for Loudoun & Northern Fauquier Counties,trade_group,Council on Foundations,member,https://cof.org/member-directory/non-members,,,
Community Foundation for MetroWest,trade_group,Council on Foundations,member,https://cof.org/member-directory/non-members,,,
Community Foundation for Mississippi,trade_group,Council on Foundations,member,https://cof.org/member-directory/non-members,,,
Community Foundation for Monterey County,trade_group,Council on Foundations,member,https://cof.org/member-directory/non-members,,,
Community Foundation for Nantucket,trade_group,Council on Foundations,member,https://cof.org/member-directory/non-members,,,
"The Community Foundation For Northeast Florida, Inc.",trade_group,Council on Foundations,member,https://cof.org/member-directory/non-members,,,
The Community Foundation for Northern Virginia,trade_group,Council on Foundations,member,https://cof.org/member-directory/non-members,,,
The Community Foundation for Ocala Marion County,trade_group,Council on Foundations,member,https://cof.org/member-directory/non-members,,,
Community Foundation For Palm Beach & Martin Counties,trade_group,Council on Foundations,member,https://cof.org/member-directory/non-members,,,
Community Foundation for San Benito County,trade_group,Council on Foundations,member,https://cof.org/member-directory/non-members,,,
Community Foundation for Southeast Michigan,trade_group,Council on Foundations,member,https://cof.org/member-directory/non-members,,,
Community Foundation for Southern Arizona,trade_group,Council on Foundations,member,https://cof.org/member-directory/non-members,,,
Community Foundation for Southwest Washington,trade_group,Council on Foundations,member,https://cof.org/member-directory/non-members,,,
Community Foundation for the Alleghenies,trade_group,Council on Foundations,member,https://cof.org/member-directory/non-members,,,
"Community Foundation for the Fox Valley Region, Inc.",trade_group,Council on Foundations,member,https://cof.org/member-directory/non-members,,,
Community Foundation for the Greater Capital Region,trade_group,Council on Foundations,member,https://cof.org/member-directory/non-members,,,
Community Foundation for the Land of Lincoln,trade_group,Council on Foundations,member,https://cof.org/member-directory/non-members,,,
Community Foundation for the Ohio Valley,trade_group,Council on Foundations,member,https://cof.org/member-directory/non-members,,,
"Community Foundation for the Twin Tiers, Inc.",trade_group,Council on Foundations,member,https://cof.org/member-directory/non-members,,,
Community Foundation for Western Iowa,trade_group,Council on Foundations,member,https://cof.org/member-directory/non-members,,,
Community Foundation of Acadiana,trade_group,Council on Foundations,member,https://cof.org/member-directory/non-members,,,
Community Foundation of Anne Arundel County,trade_group,Council on Foundations,member,https://cof.org/member-directory/non-members,,,
"Community Foundation of Brazoria County, Texas",trade_group,Council on Foundations,member,https://cof.org/member-directory/non-members,true,760427068,Community Foundation Of Brazoria County Texas
"Community Foundation of Broward, Inc.",trade_group,Council on Foundations,member,https://cof.org/member-directory/non-members,,,
Community Foundation of Burke County,trade_group,Council on Foundations,member,https://cof.org/member-directory/non-members,,,
Community Foundation of Central Georgia,trade_group,Council on Foundations,member,https://cof.org/member-directory/non-members,,,
Community Foundation of Central Missouri,trade_group,Council on Foundations,member,https://cof.org/member-directory/non-members,,,
Community Foundation of Central Wisconsin,trade_group,Council on Foundations,member,https://cof.org/member-directory/non-members,,,
"Community Foundation of Chippewa County, Inc. (WI)",trade_group,Council on Foundations,member,https://cof.org/member-directory/non-members,,,
Collier Community Foundation,trade_group,Council on Foundations,member,https://cof.org/member-directory/non-members,,,
"The Community Foundation of Dickinson County, Inc.",trade_group,Council on Foundations,member,https://cof.org/member-directory/non-members,,,
"Community Foundation of Dunn County, Inc.",trade_group,Council on Foundations,member,https://cof.org/member-directory/non-members,,,
Community Foundation of Dutchess County,trade_group,Council on Foundations,member,https://cof.org/member-directory/non-members,,,
Community Foundation of East Central Illinois,trade_group,Council on Foundations,member,https://cof.org/member-directory/non-members,,,
Community Foundation of East Mississippi,trade_group,Council on Foundations,member,https://cof.org/member-directory/non-members,,,
Community Foundation of Fayette County,trade_group,Council on Foundations,member,https://cof.org/member-directory/non-members,,,
Community Foundation of the Florida Keys,trade_group,Council on Foundations,member,https://cof.org/member-directory/non-members,,,
The Community Foundation of Frederick County,trade_group,Council on Foundations,member,https://cof.org/member-directory/non-members,,,
"Community Foundation of Grant County, Indiana",trade_group,Council on Foundations,member,https://cof.org/member-directory/non-members,,,
Central Kansas Community Foundation - Butler County,trade_group,Council on Foundations,member,https://cof.org/member-directory/non-members,false,,
"Community Foundation of Greater Chattanooga, Inc.",trade_group,Council on Foundations,member,https://cof.org/member-directory/non-members,,,
Community Foundation of Greater Clemson,trade_group,Council on Foundations,member,https://cof.org/member-directory/non-members,,,
Community Foundation of Greater Des Moines,trade_group,Council on Foundations,member,https://cof.org/member-directory/non-members,,,
Community Foundation of Greater Dubuque,trade_group,Council on Foundations,member,https://cof.org/member-directory/non-members,,,
Community Foundation of Greater Flint,trade_group,Council on Foundations,member,https://cof.org/member-directory/non-members,,,
"The Community Foundation of Greater Greensboro, Inc.",trade_group,Council on Foundations,member,https://cof.org/member-directory/non-members,,,
Community Foundation of Greater Muscatine,trade_group,Council on Foundations,member,https://cof.org/member-directory/non-members,,,
Community Foundation of Greater New Britain,trade_group,Council on Foundations,member,https://cof.org/member-directory/non-members,,,
Community Foundation of Greene County (PA),trade_group,Council on Foundations,member,https://cof.org/member-directory/non-members,,,
Community Foundation of Greenville (SC),trade_group,Council on Foundations,member,https://cof.org/member-directory/non-members,,,
Community Foundation of Grundy County,trade_group,Council on Foundations,member,https://cof.org/member-directory/non-members,,,
The Community Foundation of Harrisonburg & Rockingham County,trade_group,Council on Foundations,member,https://cof.org/member-directory/non-members,,,
"Community Foundation of Henderson County, Inc.",trade_group,Council on Foundations,member,https://cof.org/member-directory/non-members,,,
The Community Foundation of Howard County (MD),trade_group,Council on Foundations,member,https://cof.org/member-directory/non-members,,,
Community Foundation of Jackson Hole,trade_group,Council on Foundations,member,https://cof.org/member-directory/non-members,,,
Community Foundation of Johnson County (IA),trade_group,Council on Foundations,member,https://cof.org/member-directory/non-members,,,
Community Foundation of Louisville,trade_group,Council on Foundations,member,https://cof.org/member-directory/non-members,,,
"Community Foundation of Madison and Jefferson County, Inc.",trade_group,Council on Foundations,member,https://cof.org/member-directory/non-members,,,
The Community Foundation of Mendocino County,trade_group,Council on Foundations,member,https://cof.org/member-directory/non-members,,,
"Community Foundation of Muncie & Delaware County, Inc.",trade_group,Council on Foundations,member,https://cof.org/member-directory/non-members,,,
"The Community Foundation of NC East, Inc.",trade_group,Council on Foundations,member,https://cof.org/member-directory/non-members,,,
Community Foundation of Nevada County,trade_group,Council on Foundations,member,https://cof.org/member-directory/non-members,,,
Community Foundation of North Central Florida,trade_group,Council on Foundations,member,https://cof.org/member-directory/non-members,,,
Community Foundation of North Central Wisconsin,trade_group,Council on Foundations,member,https://cof.org/member-directory/non-members,,,
"Community Foundation of North Florida, Inc.",trade_group,Council on Foundations,member,https://cof.org/member-directory/non-members,true,593473384,Community Foundation Of North Florida Inc
North Texas Community Foundation,trade_group,Council on Foundations,member,https://cof.org/member-directory/non-members,,,
Community Foundation of Northern Nevada,trade_group,Council on Foundations,member,https://cof.org/member-directory/non-members,,,
Community Foundation of Northwest Mississippi,trade_group,Council on Foundations,member,https://cof.org/member-directory/non-members,,,
"Community Foundation of Orange, Sullivan & Rockland",trade_group,Council on Foundations,member,https://cof.org/member-directory/non-members,,,
Community Foundation of Otsego County,trade_group,Council on Foundations,member,https://cof.org/member-directory/non-members,,,
Community Foundation of Putnam County,trade_group,Council on Foundations,member,https://cof.org/member-directory/non-members,,,
Community Foundation of San Carlos,trade_group,Council on Foundations,member,https://cof.org/member-directory/non-members,,,
The Community Foundation of Shelby County,trade_group,Council on Foundations,member,https://cof.org/member-directory/non-members,,,
Community Foundation of Singapore,trade_group,Council on Foundations,member,https://cof.org/member-directory/non-members,,,
The Community Foundation of South Central Kentucky,trade_group,Council on Foundations,member,https://cof.org/member-directory/non-members,,,
Community Foundation for South Central New York,trade_group,Council on Foundations,member,https://cof.org/member-directory/non-members,,,
"Community Foundation of South Central Wisconsin, Inc.",trade_group,Council on Foundations,member,https://cof.org/member-directory/non-members,,,
Community Foundation of South Jersey,trade_group,Council on Foundations,member,https://cof.org/member-directory/non-members,,,
Community Foundation of South Lake County,trade_group,Council on Foundations,member,https://cof.org/member-directory/non-members,,,
Community Foundation of South Puget Sound (WA),trade_group,Council on Foundations,member,https://cof.org/member-directory/non-members,,,
Community Foundation of Southeast Kansas,trade_group,Council on Foundations,member,https://cof.org/member-directory/non-members,,,
Community Foundation of Southern New Mexico,trade_group,Council on Foundations,member,https://cof.org/member-directory/non-members,,,
Community Foundation of Southwest Kansas,trade_group,Council on Foundations,member,https://cof.org/member-directory/non-members,,,
Community Foundation of Southwest Louisiana,trade_group,Council on Foundations,member,https://cof.org/member-directory/non-members,,,
Community Foundation of St. Clair County,trade_group,Council on Foundations,member,https://cof.org/member-directory/non-members,,,
"Community Foundation Tampa Bay, Inc.",trade_group,Council on Foundations,member,https://cof.org/member-directory/non-members,,,
Community Foundation of Teton Valley,trade_group,Council on Foundations,member,https://cof.org/member-directory/non-members,,,
The Community Foundation of the Brazos Valley,trade_group,Council on Foundations,member,https://cof.org/member-directory/non-members,,,
Community Foundation of the Central Blue Ridge,trade_group,Council on Foundations,member,https://cof.org/member-directory/non-members,,,
Community Foundation of the Chattahoochee Valley,trade_group,Council on Foundations,member,https://cof.org/member-directory/non-members,,,
Community Foundation of the Dan River Region,trade_group,Council on Foundations,member,https://cof.org/member-directory/non-members,,,
"Community Foundation of the Eastern Shore, Inc.",trade_group,Council on Foundations,member,https://cof.org/member-directory/non-members,,,
Community Foundation of the Fox River Valley,trade_group,Council on Foundations,member,https://cof.org/member-directory/non-members,,,
Community Foundation of the Gunnison Valley,trade_group,Council on Foundations,member,https://cof.org/member-directory/non-members,,,
"Community Foundation of the Lowcountry, Inc.",trade_group,Council on Foundations,member,https://cof.org/member-directory/non-members,,,
Community Foundation of the New River Valley,trade_group,Council on Foundations,member,https://cof.org/member-directory/non-members,,,
Community Foundation of the Northern Shenandoah Valley,trade_group,Council on Foundations,member,https://cof.org/member-directory/non-members,,,
Community Foundation of the Ozarks,trade_group,Council on Foundations,member,https://cof.org/member-directory/non-members,,,
"Community Foundation of the Texas Hill Country, Inc.",trade_group,Council on Foundations,member,https://cof.org/member-directory/non-members,,,
Community Foundation of the Upper Peninsula,trade_group,Council on Foundations,member,https://cof.org/member-directory/non-members,,,
Community Foundation of the Virgin Islands,trade_group,Council on Foundations,member,https://cof.org/member-directory/non-members,,,
"Community Foundation of the Virginias, Inc.",trade_group,Council on Foundations,member,https://cof.org/member-directory/non-members,,,
Community Foundation of Ulster County,trade_group,Council on Foundations,member,https://cof.org/member-directory/non-members,,,
United Way of Volusia and Flagler Counties,trade_group,Council on Foundations,member,https://cof.org/member-directory/non-members,,,
Community Foundation of Washington County (IA),trade_group,Council on Foundations,member,https://cof.org/member-directory/non-members,,,
"Community Foundation of Washington County Maryland, Inc.",trade_group,Council on Foundations,member,https://cof.org/member-directory/non-members,,,
Community Foundation of West Georgia,trade_group,Council on Foundations,member,https://cof.org/member-directory/non-members,,,
Community Foundation of West Kentucky,trade_group,Council on Foundations,member,https://cof.org/member-directory/non-members,,,
Community Foundation of Western North Carolina,trade_group,Council on Foundations,member,https://cof.org/member-directory/non-members,,,
Community Foundation Serving Western Virginia,trade_group,Council on Foundations,member,https://cof.org/member-directory/non-members,,,
Community Foundation of Westmoreland County,trade_group,Council on Foundations,member,https://cof.org/member-directory/non-members,,,
Community Foundation Serving West Central Illinois & Northeast Missouri,trade_group,Council on Foundations,member,https://cof.org/member-directory/non-members,,,
Community Foundation Sonoma County,trade_group,Council on Foundations,member,https://cof.org/member-directory/non-members,,,
Community Foundations of the Hudson Valley,trade_group,Council on Foundations,member,https://cof.org/member-directory/non-members,,,
Community Giving Foundation,trade_group,Council on Foundations,member,https://cof.org/member-directory/non-members,,,
Community Heart & Soul Inc.,trade_group,Council on Foundations,member,https://cof.org/member-directory/non-members,,,
Community Trust Foundation,trade_group,Council on Foundations,member,https://cof.org/member-directory/non-members,,,
CommunityGiving,trade_group,Council on Foundations,member,https://cof.org/member-directory/non-members,,,
Conlee Family Supporting Organization,trade_group,Council on Foundations,member,https://cof.org/member-directory/non-members,,,
Connecticut Community Foundation,trade_group,Council on Foundations,member,https://cof.org/member-directory/non-members,,,
Connecticut Health Foundation,trade_group,Council on Foundations,member,https://cof.org/member-directory/non-members,,,
Constellation,trade_group,Council on Foundations,member,https://cof.org/member-directory/non-members,,,
Constellations Fund,trade_group,Council on Foundations,member,https://cof.org/member-directory/non-members,,,
Cool Effect,trade_group,Council on Foundations,member,https://cof.org/member-directory/non-members,,,
Coopersville Area Community Foundation,trade_group,Council on Foundations,member,https://cof.org/member-directory/non-members,,,
Coral Gables Community Foundation,trade_group,Council on Foundations,member,https://cof.org/member-directory/non-members,,,
Corry Community Foundation,trade_group,Council on Foundations,member,https://cof.org/member-directory/non-members,,,
Council Grove Area Foundation,trade_group,Council on Foundations,member,https://cof.org/member-directory/non-members,,,
Council of Michigan Foundations,trade_group,Council on Foundations,member,https://cof.org/member-directory/non-members,,,
Crankstart Foundation,trade_group,Council on Foundations,member,https://cof.org/member-directory/non-members,,,
Crawford Heritage Community Foundation,trade_group,Council on Foundations,member,https://cof.org/member-directory/non-members,,,
Culbertson Area Community Foundation,trade_group,Council on Foundations,member,https://cof.org/member-directory/non-members,,,
"Cumberland Community Foundation, Inc.",trade_group,Council on Foundations,member,https://cof.org/member-directory/non-members,,,
"Dalio Foundation, Inc.",trade_group,Council on Foundations,member,https://cof.org/member-directory/non-members,,,
The Dallas Foundation,trade_group,Council on Foundations,member,https://cof.org/member-directory/non-members,,,
The Dana Foundation,trade_group,Council on Foundations,member,https://cof.org/member-directory/non-members,,,
Darby Town Endowment Fund,trade_group,Council on Foundations,member,https://cof.org/member-directory/non-members,,,
Darke County Foundation,trade_group,Council on Foundations,member,https://cof.org/member-directory/non-members,,,
"Davie Community Foundation, Inc.",trade_group,Council on Foundations,member,https://cof.org/member-directory/non-members,,,
Davis Wright Tremaine LLP,trade_group,Council on Foundations,member,https://cof.org/member-directory/non-members,,,
The Dayton Foundation,trade_group,Council on Foundations,member,https://cof.org/member-directory/non-members,,,
de Beaumont Foundation,trade_group,Council on Foundations,member,https://cof.org/member-directory/non-members,,,
DeKalb County Community Foundation (IL),trade_group,Council on Foundations,member,https://cof.org/member-directory/non-members,,,
Delaware Community Foundation,trade_group,Council on Foundations,member,https://cof.org/member-directory/non-members,,,
Democracy Fund,trade_group,Council on Foundations,member,https://cof.org/member-directory/non-members,,,
Denver African American Philanthropists,trade_group,Council on Foundations,member,https://cof.org/member-directory/non-members,,,
The Denver Foundation,trade_group,Council on Foundations,member,https://cof.org/member-directory/non-members,,,
DEPLOY/US Inc.,trade_group,Council on Foundations,member,https://cof.org/member-directory/non-members,,,
Derby Community Foundation,trade_group,Council on Foundations,member,https://cof.org/member-directory/non-members,,,
Dillsburg Area Foundation,trade_group,Council on Foundations,member,https://cof.org/member-directory/non-members,,,
Direct Relief,trade_group,Council on Foundations,member,https://cof.org/member-directory/non-members,,,
Walt Disney Company Foundation,trade_group,Council on Foundations,member,https://cof.org/member-directory/non-members,,,
Dogwood Health Trust,trade_group,Council on Foundations,member,https://cof.org/member-directory/non-members,,,
Don and Millie Nelms Foundation,trade_group,Council on Foundations,member,https://cof.org/member-directory/non-members,,,
Donald B. Tanklage & Carole F. Tanklage Foundation,trade_group,Council on Foundations,member,https://cof.org/member-directory/non-members,,,
"Door County Community Foundation, Inc.",trade_group,Council on Foundations,member,https://cof.org/member-directory/non-members,,,
Dr. Seuss Foundation,trade_group,Council on Foundations,member,https://cof.org/member-directory/non-members,,,
Joseph Drown Foundation,trade_group,Council on Foundations,member,https://cof.org/member-directory/non-members,,,
Doris Duke Foundation,trade_group,Council on Foundations,member,https://cof.org/member-directory/non-members,,,
The Duke Endowment,trade_group,Council on Foundations,member,https://cof.org/member-directory/non-members,,,
Duke Energy Foundation,trade_group,Council on Foundations,member,https://cof.org/member-directory/non-members,,,
Duplin County Community Foundation,trade_group,Council on Foundations,member,https://cof.org/member-directory/non-members,,,
East Alabama Community Foundation,trade_group,Council on Foundations,member,https://cof.org/member-directory/non-members,,,
East Bay Community Foundation,trade_group,Council on Foundations,member,https://cof.org/member-directory/non-members,,,
East Grand Rapids Community Foundation Fund,trade_group,Council on Foundations,member,https://cof.org/member-directory/non-members,,,
East Montgomery County Scholarship Foundation,trade_group,Council on Foundations,member,https://cof.org/member-directory/non-members,,,
East Tennessee Foundation,trade_group,Council on Foundations,member,https://cof.org/member-directory/non-members,,,
East Texas Communities Foundation,trade_group,Council on Foundations,member,https://cof.org/member-directory/non-members,,,
Eastern Carolina Community Foundation,trade_group,Council on Foundations,member,https://cof.org/member-directory/non-members,,,
Eau Claire Community Foundation,trade_group,Council on Foundations,member,https://cof.org/member-directory/non-members,,,
Echidna Giving,trade_group,Council on Foundations,member,https://cof.org/member-directory/non-members,,,
ECMC Foundation,trade_group,Council on Foundations,member,https://cof.org/member-directory/non-members,,,
Eden Hall Foundation,trade_group,Council on Foundations,member,https://cof.org/member-directory/non-members,,,
Charles Edison Fund,trade_group,Council on Foundations,member,https://cof.org/member-directory/non-members,,,
Edward H. Daveis Benevolent Fund,trade_group,Council on Foundations,member,https://cof.org/member-directory/non-members,,,
Edwardsville Community Foundation,trade_group,Council on Foundations,member,https://cof.org/member-directory/non-members,,,
Eide Bailly LLP,trade_group,Council on Foundations,member,https://cof.org/member-directory/non-members,,,
Einhorn Collaborative,trade_group,Council on Foundations,member,https://cof.org/member-directory/non-members,,,
El-Hibri Foundation,trade_group,Council on Foundations,member,https://cof.org/member-directory/non-members,,,
"Emergency Assistance Foundation, Inc.",trade_group,Council on Foundations,member,https://cof.org/member-directory/non-members,,,
Emerging Practitioners in Philanthropy,trade_group,Council on Foundations,member,https://cof.org/member-directory/non-members,,,
Empowering Adair County Foundation,trade_group,Council on Foundations,member,https://cof.org/member-directory/non-members,,,
Endow Urbandale,trade_group,Council on Foundations,member,https://cof.org/member-directory/non-members,,,
"Endowment for Health, Inc.",trade_group,Council on Foundations,member,https://cof.org/member-directory/non-members,,,
Ensworth Charitable Foundation,trade_group,Council on Foundations,member,https://cof.org/member-directory/non-members,,,
Entrepreneurs Foundation,trade_group,Council on Foundations,member,https://cof.org/member-directory/non-members,,,
Episcopal Community Foundation for Middle and North Georgia,trade_group,Council on Foundations,member,https://cof.org/member-directory/non-members,,,
Equitable Trust Company,trade_group,Council on Foundations,member,https://cof.org/member-directory/non-members,,,
The Eric and Wendy Schmidt Fund for Strategic Innovation,trade_group,Council on Foundations,member,https://cof.org/member-directory/non-members,,,
Erie Community Foundation,trade_group,Council on Foundations,member,https://cof.org/member-directory/non-members,,,
Erie County Community Foundation,trade_group,Council on Foundations,member,https://cof.org/member-directory/non-members,,,
Erol Foundation,trade_group,Council on Foundations,member,https://cof.org/member-directory/non-members,,,
Eskelund IMS,trade_group,Council on Foundations,member,https://cof.org/member-directory/non-members,,,
Evanston Community Foundation,trade_group,Council on Foundations,member,https://cof.org/member-directory/non-members,,,
Eveleth Area Community Foundation Fund,trade_group,Council on Foundations,member,https://cof.org/member-directory/non-members,,,
Evergreen Legacy Foundation,trade_group,Council on Foundations,member,https://cof.org/member-directory/non-members,,,
Excellence Initiative,trade_group,Council on Foundations,member,https://cof.org/member-directory/non-members,,,
Excellerate Foundation,trade_group,Council on Foundations,member,https://cof.org/member-directory/non-members,,,
ExxonMobil Foundation,trade_group,Council on Foundations,member,https://cof.org/member-directory/non-members,,,
Faegre Drinker Foundation,trade_group,Council on Foundations,member,https://cof.org/member-directory/non-members,,,
FAIR Community Foundation of Northern Rosebud County,trade_group,Council on Foundations,member,https://cof.org/member-directory/non-members,,,
Fair Play Policy Institute,trade_group,Council on Foundations,member,https://cof.org/member-directory/non-members,,,
Fargo-Moorhead Area Foundation,trade_group,Council on Foundations,member,https://cof.org/member-directory/non-members,,,
Faribault Foundation,trade_group,Council on Foundations,member,https://cof.org/member-directory/non-members,,,
"Felix E. Martin, Jr. Foundation",trade_group,Council on Foundations,member,https://cof.org/member-directory/non-members,,,
FESAC Nogales,trade_group,Council on Foundations,member,https://cof.org/member-directory/non-members,,,
Fetzer Institute,trade_group,Council on Foundations,member,https://cof.org/member-directory/non-members,,,
"FHL Foundation, Inc.",trade_group,Council on Foundations,member,https://cof.org/member-directory/non-members,,,
Fidelity Foundation,trade_group,Council on Foundations,member,https://cof.org/member-directory/non-members,,,
The Field Foundation of Illinois,trade_group,Council on Foundations,member,https://cof.org/member-directory/non-members,false,,
Fieldstead Charitable Trust,trade_group,Council on Foundations,member,https://cof.org/member-directory/non-members,,,
Fifth Third Foundation,trade_group,Council on Foundations,member,https://cof.org/member-directory/non-members,,,
The Figgers Foundation,trade_group,Council on Foundations,member,https://cof.org/member-directory/non-members,,,
First Community Foundation Partnership of Pennsylvania,trade_group,Council on Foundations,member,https://cof.org/member-directory/non-members,,,
Max M. and Marjorie S. Fisher Foundation,trade_group,Council on Foundations,member,https://cof.org/member-directory/non-members,,,
Flora Family Foundation,trade_group,Council on Foundations,member,https://cof.org/member-directory/non-members,,,
Focus Central America,trade_group,Council on Foundations,member,https://cof.org/member-directory/non-members,,,
Fond du Lac Area Foundation,trade_group,Council on Foundations,member,https://cof.org/member-directory/non-members,,,
Foothills Community Foundation,trade_group,Council on Foundations,member,https://cof.org/member-directory/non-members,,,
The Ford Family Foundation,trade_group,Council on Foundations,member,https://cof.org/member-directory/non-members,,,
Ford Foundation Mexico,trade_group,Council on Foundations,member,https://cof.org/member-directory/non-members,,,
Ford Foundation,trade_group,Council on Foundations,member,https://cof.org/member-directory/non-members,,,
Ford Motor Company Fund,trade_group,Council on Foundations,member,https://cof.org/member-directory/non-members,,,
Fort Dodge Community Foundation,trade_group,Council on Foundations,member,https://cof.org/member-directory/non-members,,,
Community Foundation of Fort Valley,trade_group,Council on Foundations,member,https://cof.org/member-directory/non-members,,,
Foundation for a Healthy Kentucky,trade_group,Council on Foundations,member,https://cof.org/member-directory/non-members,,,
Foundation For A Healthy St. Petersburg,trade_group,Council on Foundations,member,https://cof.org/member-directory/non-members,,,
Foundation for Appalachian Ohio,trade_group,Council on Foundations,member,https://cof.org/member-directory/non-members,,,
Foundation for Children With Intellectual & Developmental Disabilities (FCIDD),trade_group,Council on Foundations,member,https://cof.org/member-directory/non-members,,,
The Foundation for Enhancing Communities,trade_group,Council on Foundations,member,https://cof.org/member-directory/non-members,,,
The Foundation for Northwest Illinois,trade_group,Council on Foundations,member,https://cof.org/member-directory/non-members,,,
The Foundation for Opioid Response Efforts,trade_group,Council on Foundations,member,https://cof.org/member-directory/non-members,,,
Foundation for Southeast Texas,trade_group,Council on Foundations,member,https://cof.org/member-directory/non-members,,,
Foundation For the Flint Cultural Center,trade_group,Council on Foundations,member,https://cof.org/member-directory/non-members,,,
"Foundation for the Mid South, Inc.",trade_group,Council on Foundations,member,https://cof.org/member-directory/non-members,,,
"Foundation for the Tri-State Community, Inc.",trade_group,Council on Foundations,member,https://cof.org/member-directory/non-members,,,
Foundation Source,trade_group,Council on Foundations,member,https://cof.org/member-directory/non-members,,,
Franklin County Foundation,trade_group,Council on Foundations,member,https://cof.org/member-directory/non-members,true,471986298,Franklin County Bar Foundation
Fred C. & Katherine B. Andersen Foundation,trade_group,Council on Foundations,member,https://cof.org/member-directory/non-members,,,
Freedom Together Foundation,trade_group,Council on Foundations,member,https://cof.org/member-directory/non-members,,,
Fremont Area Community Foundation (MI),trade_group,Council on Foundations,member,https://cof.org/member-directory/non-members,,,
Fremont Area Community Foundation (NE),trade_group,Council on Foundations,member,https://cof.org/member-directory/non-members,,,
Central Valley Community Foundation,trade_group,Council on Foundations,member,https://cof.org/member-directory/non-members,,,
"Frost Foundation, Ltd.",trade_group,Council on Foundations,member,https://cof.org/member-directory/non-members,,,
Charles A. Frueauff Foundation,trade_group,Council on Foundations,member,https://cof.org/member-directory/non-members,,,
Lloyd A. Fry Foundation,trade_group,Council on Foundations,member,https://cof.org/member-directory/non-members,,,
FSG,trade_group,Council on Foundations,member,https://cof.org/member-directory/non-members,,,
Full Circle Foundation Limited,trade_group,Council on Foundations,member,https://cof.org/member-directory/non-members,,,
Fullerton Family Foundation,trade_group,Council on Foundations,member,https://cof.org/member-directory/non-members,,,
FUSE,trade_group,Council on Foundations,member,https://cof.org/member-directory/non-members,,,
Galesburg Community Foundation,trade_group,Council on Foundations,member,https://cof.org/member-directory/non-members,,,
Gaston Community Foundation,trade_group,Council on Foundations,member,https://cof.org/member-directory/non-members,,,
"GBU Foundation, Inc.",trade_group,Council on Foundations,member,https://cof.org/member-directory/non-members,,,
General Mills,trade_group,Council on Foundations,member,https://cof.org/member-directory/non-members,,,
George B. Storer Foundation,trade_group,Council on Foundations,member,https://cof.org/member-directory/non-members,,,
GHR Foundation,trade_group,Council on Foundations,member,https://cof.org/member-directory/non-members,,,
Gill Foundation (CO),trade_group,Council on Foundations,member,https://cof.org/member-directory/non-members,,,
Gilroy Foundation,trade_group,Council on Foundations,member,https://cof.org/member-directory/non-members,,,
GiveWell Community Foundation,trade_group,Council on Foundations,member,https://cof.org/member-directory/non-members,,,
Glenmede,trade_group,Council on Foundations,member,https://cof.org/member-directory/non-members,,,
The Glenview Trust Company,trade_group,Council on Foundations,member,https://cof.org/member-directory/non-members,,,
Global Fund for Children,trade_group,Council on Foundations,member,https://cof.org/member-directory/non-members,,,
Global Greengrants Fund,trade_group,Council on Foundations,member,https://cof.org/member-directory/non-members,,,
Global Philanthropy Project (GPP),trade_group,Council on Foundations,member,https://cof.org/member-directory/non-members,,,
GlobalGiving,trade_group,Council on Foundations,member,https://cof.org/member-directory/non-members,,,
GlobalGiving UK,trade_group,Council on Foundations,member,https://cof.org/member-directory/non-members,,,
Golden Belt Community Foundation,trade_group,Council on Foundations,member,https://cof.org/member-directory/non-members,,,
Goodwin Procter LLP,trade_group,Council on Foundations,member,https://cof.org/member-directory/non-members,,,
Gorge Community Foundation,trade_group,Council on Foundations,member,https://cof.org/member-directory/non-members,,,
GRACE Communications Foundation,trade_group,Council on Foundations,member,https://cof.org/member-directory/non-members,,,
"Grand Haven Area Community Foundation, Inc.",trade_group,Council on Foundations,member,https://cof.org/member-directory/non-members,,,
"Greater Grand Island Community Foundation, Inc.",trade_group,Council on Foundations,member,https://cof.org/member-directory/non-members,,,
Grand Rapids Area Community Foundation (MN),trade_group,Council on Foundations,member,https://cof.org/member-directory/non-members,,,
Grand Rapids Community Foundation (MI),trade_group,Council on Foundations,member,https://cof.org/member-directory/non-members,,,
Grant Ready Kentucky,trade_group,Council on Foundations,member,https://cof.org/member-directory/non-members,,,
Grantmakers In Health,trade_group,Council on Foundations,member,https://cof.org/member-directory/non-members,,,
Grassroots International,trade_group,Council on Foundations,member,https://cof.org/member-directory/non-members,,,
Lathrop GPM Foundation,trade_group,Council on Foundations,member,https://cof.org/member-directory/non-members,,,
Grays Harbor Community Foundation,trade_group,Council on Foundations,member,https://cof.org/member-directory/non-members,,,
Great Falls Area Community Foundation,trade_group,Council on Foundations,member,https://cof.org/member-directory/non-members,,,
Great Oaks Foundation,trade_group,Council on Foundations,member,https://cof.org/member-directory/non-members,,,
Great Public Schools Now,trade_group,Council on Foundations,member,https://cof.org/member-directory/non-members,,,
Greater Alliance Foundation,trade_group,Council on Foundations,member,https://cof.org/member-directory/non-members,,,
Greater Cabarrus Foundation,trade_group,Council on Foundations,member,https://cof.org/member-directory/non-members,,,
The Greater Cedar Rapids Community Foundation,trade_group,Council on Foundations,member,https://cof.org/member-directory/non-members,,,
The Greater Cincinnati Foundation,trade_group,Council on Foundations,member,https://cof.org/member-directory/non-members,,,
Greater Hartford Gives Foundation,trade_group,Council on Foundations,member,https://cof.org/member-directory/non-members,,,
The Greater Kanawha Valley Foundation,trade_group,Council on Foundations,member,https://cof.org/member-directory/non-members,,,
Greater Kansas City Community Foundation,trade_group,Council on Foundations,member,https://cof.org/member-directory/non-members,,,
Greater Lynchburg Community Foundation,trade_group,Council on Foundations,member,https://cof.org/member-directory/non-members,,,
Greater Madison County Community Foundation,trade_group,Council on Foundations,member,https://cof.org/member-directory/non-members,,,
Greater New Orleans Foundation,trade_group,Council on Foundations,member,https://cof.org/member-directory/non-members,,,
Greater Northwest Kansas Community Foundation,trade_group,Council on Foundations,member,https://cof.org/member-directory/non-members,,,
The Greater Pike Community Foundation,trade_group,Council on Foundations,member,https://cof.org/member-directory/non-members,,,
Greater Polson Community Foundation,trade_group,Council on Foundations,member,https://cof.org/member-directory/non-members,,,
Greater Salina Community Foundation,trade_group,Council on Foundations,member,https://cof.org/member-directory/non-members,,,
Greater Tacoma Community Foundation,trade_group,Council on Foundations,member,https://cof.org/member-directory/non-members,,,
Greater Worcester Community Foundation,trade_group,Council on Foundations,member,https://cof.org/member-directory/non-members,,,
Green River Area Community Foundation,trade_group,Council on Foundations,member,https://cof.org/member-directory/non-members,,,
Greene County Foundation (IN),trade_group,Council on Foundations,member,https://cof.org/member-directory/non-members,,,
Greenwall Foundation,trade_group,Council on Foundations,member,https://cof.org/member-directory/non-members,,,
"Grotto Foundation, Inc.",trade_group,Council on Foundations,member,https://cof.org/member-directory/non-members,,,
Growald Climate Fund,trade_group,Council on Foundations,member,https://cof.org/member-directory/non-members,,,
Grunin Foundation,trade_group,Council on Foundations,member,https://cof.org/member-directory/non-members,,,
Gulf Coast Community Foundation (FL),trade_group,Council on Foundations,member,https://cof.org/member-directory/non-members,,,
Gulf Coast Community Foundation (MS),trade_group,Council on Foundations,member,https://cof.org/member-directory/non-members,,,
Gulf Coast Strategic Investments,trade_group,Council on Foundations,member,https://cof.org/member-directory/non-members,,,
The George Gund Foundation,trade_group,Council on Foundations,member,https://cof.org/member-directory/non-members,,,
GVR Foundation,trade_group,Council on Foundations,member,https://cof.org/member-directory/non-members,,,
Sabanci Foundation,trade_group,Council on Foundations,member,https://cof.org/member-directory/non-members,,,
Hale Family Foundation,trade_group,Council on Foundations,member,https://cof.org/member-directory/non-members,,,
Hamilton Community Foundation (OH),trade_group,Council on Foundations,member,https://cof.org/member-directory/non-members,,,
Hampton Roads Community Foundation,trade_group,Council on Foundations,member,https://cof.org/member-directory/non-members,,,
"The Hand Foundation, Inc.",trade_group,Council on Foundations,member,https://cof.org/member-directory/non-members,,,
Hardin County Community Endowment Foundation,trade_group,Council on Foundations,member,https://cof.org/member-directory/non-members,,,
Hardin County Community Foundation,trade_group,Council on Foundations,member,https://cof.org/member-directory/non-members,,,
Hawai'i Community Foundation,trade_group,Council on Foundations,member,https://cof.org/member-directory/non-members,,,
Hawthornden Foundation,trade_group,Council on Foundations,member,https://cof.org/member-directory/non-members,,,
HDR Foundation,trade_group,Council on Foundations,member,https://cof.org/member-directory/non-members,,,
Health Forward Foundation,trade_group,Council on Foundations,member,https://cof.org/member-directory/non-members,,,
Healthcare Foundation of New Jersey,trade_group,Council on Foundations,member,https://cof.org/member-directory/non-members,,,
Healthcare Foundation of Wilson,trade_group,Council on Foundations,member,https://cof.org/member-directory/non-members,,,
Healthy Americas Foundation,trade_group,Council on Foundations,member,https://cof.org/member-directory/non-members,,,
Healthy Communities Foundation,trade_group,Council on Foundations,member,https://cof.org/member-directory/non-members,,,
Heart of Illinois Community Foundation,trade_group,Council on Foundations,member,https://cof.org/member-directory/non-members,,,
The Heinz Endowments,trade_group,Council on Foundations,member,https://cof.org/member-directory/non-members,,,
Heising-Simons Foundation,trade_group,Council on Foundations,member,https://cof.org/member-directory/non-members,,,
Hellman Foundation,trade_group,Council on Foundations,member,https://cof.org/member-directory/non-members,,,
Hermantown Community Fund,trade_group,Council on Foundations,member,https://cof.org/member-directory/non-members,,,
The William and Flora Hewlett Foundation,trade_group,Council on Foundations,member,https://cof.org/member-directory/non-members,,,
High Foundation,trade_group,Council on Foundations,member,https://cof.org/member-directory/non-members,,,
High Point Community Foundation,trade_group,Council on Foundations,member,https://cof.org/member-directory/non-members,,,
Hill County Community Endowment,trade_group,Council on Foundations,member,https://cof.org/member-directory/non-members,,,
"Larry L. Hillblom Foundation, Inc.",trade_group,Council on Foundations,member,https://cof.org/member-directory/non-members,,,
Hillsdale County Community Foundation,trade_group,Council on Foundations,member,https://cof.org/member-directory/non-members,,,
"Hillspire, LLC",trade_group,Council on Foundations,member,https://cof.org/member-directory/non-members,,,
Conrad N. Hilton Foundation,trade_group,Council on Foundations,member,https://cof.org/member-directory/non-members,,,
Hilton Fund For Sisters,trade_group,Council on Foundations,member,https://cof.org/member-directory/non-members,,,
Hispanics in Philanthropy,trade_group,Council on Foundations,member,https://cof.org/member-directory/non-members,,,
Hoblitzelle Foundation,trade_group,Council on Foundations,member,https://cof.org/member-directory/non-members,,,
Holmes County Education & Community Foundation,trade_group,Council on Foundations,member,https://cof.org/member-directory/non-members,,,
Homer Foundation,trade_group,Council on Foundations,member,https://cof.org/member-directory/non-members,,,
Hopi Foundation,trade_group,Council on Foundations,member,https://cof.org/member-directory/non-members,,,
Horizon Community Foundation,trade_group,Council on Foundations,member,https://cof.org/member-directory/non-members,,,
"Houston Endowment, Inc.",trade_group,Council on Foundations,member,https://cof.org/member-directory/non-members,,,
Hudson Community Foundation,trade_group,Council on Foundations,member,https://cof.org/member-directory/non-members,,,
Humana Foundation,trade_group,Council on Foundations,member,https://cof.org/member-directory/non-members,,,
Humanity United,trade_group,Council on Foundations,member,https://cof.org/member-directory/non-members,,,
Humboldt Area Foundation and Wild Rivers Community Foundation,trade_group,Council on Foundations,member,https://cof.org/member-directory/non-members,,,
Swanee Hunt Alternatives,trade_group,Council on Foundations,member,https://cof.org/member-directory/non-members,,,
Hutchinson Community Foundation,trade_group,Council on Foundations,member,https://cof.org/member-directory/non-members,,,
The Hyde and Watson Foundation,trade_group,Council on Foundations,member,https://cof.org/member-directory/non-members,,,
Iberia Parish Endowment Fund,trade_group,Council on Foundations,member,https://cof.org/member-directory/non-members,,,
Idaho Community Foundation,trade_group,Council on Foundations,member,https://cof.org/member-directory/non-members,,,
IFF,trade_group,Council on Foundations,member,https://cof.org/member-directory/non-members,,,
Ignite Philanthropy,trade_group,Council on Foundations,member,https://cof.org/member-directory/non-members,,,
Illinois Prairie Community Foundation,trade_group,Council on Foundations,member,https://cof.org/member-directory/non-members,,,
IMA Foundation,trade_group,Council on Foundations,member,https://cof.org/member-directory/non-members,,,
Imaginable Futures,trade_group,Council on Foundations,member,https://cof.org/member-directory/non-members,,,
Incourage,trade_group,Council on Foundations,member,https://cof.org/member-directory/non-members,,,
Incredible Children's Art Network (ICAN),trade_group,Council on Foundations,member,https://cof.org/member-directory/non-members,,,
Independence Blue Cross Foundation,trade_group,Council on Foundations,member,https://cof.org/member-directory/non-members,,,
Independent Sector,trade_group,Council on Foundations,member,https://cof.org/member-directory/non-members,,,
Indian River Community Foundation,trade_group,Council on Foundations,member,https://cof.org/member-directory/non-members,,,
Indiana Philanthropy Alliance,trade_group,Council on Foundations,member,https://cof.org/member-directory/non-members,,,
Indiana University Lilly Family School of Philanthropy,trade_group,Council on Foundations,member,https://cof.org/member-directory/non-members,,,
Inland Empire Community Foundation,trade_group,Council on Foundations,member,https://cof.org/member-directory/non-members,,,
Innovia Foundation,trade_group,Council on Foundations,member,https://cof.org/member-directory/non-members,,,
Institute for Nonprofit News (INN),trade_group,Council on Foundations,member,https://cof.org/member-directory/non-members,,,
IntermediaryEd,trade_group,Council on Foundations,member,https://cof.org/member-directory/non-members,,,
International Funders for Indigenous Peoples,trade_group,Council on Foundations,member,https://cof.org/member-directory/non-members,,,
Internet Society Foundation,trade_group,Council on Foundations,member,https://cof.org/member-directory/non-members,,,
Intuitive Foundation,trade_group,Council on Foundations,member,https://cof.org/member-directory/non-members,,,
Ionia County Community Foundation,trade_group,Council on Foundations,member,https://cof.org/member-directory/non-members,,,
The James Irvine Foundation,trade_group,Council on Foundations,member,https://cof.org/member-directory/non-members,,,
"Ivins, Phillips & Barker, Chtd.",trade_group,Council on Foundations,member,https://cof.org/member-directory/non-members,,,
"J. Seward Johnson, Sr. Fund",trade_group,Council on Foundations,member,https://cof.org/member-directory/non-members,,,
"JCCF, Inc.",trade_group,Council on Foundations,member,https://cof.org/member-directory/non-members,,,
Jefferson Community Foundation,trade_group,Council on Foundations,member,https://cof.org/member-directory/non-members,,,
Jefferson Valley Community Foundation,trade_group,Council on Foundations,member,https://cof.org/member-directory/non-members,,,
Martha Holden Jennings Foundation,trade_group,Council on Foundations,member,https://cof.org/member-directory/non-members,,,
Joanne and Peter Haas Jr. Supporting Fund,trade_group,Council on Foundations,member,https://cof.org/member-directory/non-members,,,
John Diane Simpson Family Foundation,trade_group,Council on Foundations,member,https://cof.org/member-directory/non-members,,,
Johnson & Johnson Foundation,trade_group,Council on Foundations,member,https://cof.org/member-directory/non-members,,,
"Endeavor Foundation, Inc.",trade_group,Council on Foundations,member,https://cof.org/member-directory/non-members,,,
Dorothy A. Johnson Center for Philanthropy,trade_group,Council on Foundations,member,https://cof.org/member-directory/non-members,,,
Johnstone Vance Memorial Fund,trade_group,Council on Foundations,member,https://cof.org/member-directory/non-members,,,
Joliet Area (MT) Community Foundation,trade_group,Council on Foundations,member,https://cof.org/member-directory/non-members,,,
Joliet Area Community Foundation,trade_group,Council on Foundations,member,https://cof.org/member-directory/non-members,,,
Jim Joseph Foundation,trade_group,Council on Foundations,member,https://cof.org/member-directory/non-members,,,
Journey Health Foundation,trade_group,Council on Foundations,member,https://cof.org/member-directory/non-members,,,
The Joyce Foundation,trade_group,Council on Foundations,member,https://cof.org/member-directory/non-members,,,
JPMorgan Chase Foundation,trade_group,Council on Foundations,member,https://cof.org/member-directory/non-members,,,
Kaiser Permanente Southern California,trade_group,Council on Foundations,member,https://cof.org/member-directory/non-members,,,
Kaiser Permanente,trade_group,Council on Foundations,member,https://cof.org/member-directory/non-members,,,
Kalamazoo Community Foundation,trade_group,Council on Foundations,member,https://cof.org/member-directory/non-members,,,
Kalliopeia Foundation,trade_group,Council on Foundations,member,https://cof.org/member-directory/non-members,,,
Kansas Association of Community Foundations,trade_group,Council on Foundations,member,https://cof.org/member-directory/non-members,,,
Kansas Rural Communities Foundation,trade_group,Council on Foundations,member,https://cof.org/member-directory/non-members,,,
"J.M. Kaplan Fund, Inc.",trade_group,Council on Foundations,member,https://cof.org/member-directory/non-members,,,
Karuna Foundation,trade_group,Council on Foundations,member,https://cof.org/member-directory/non-members,,,
Ewing Marion Kauffman Foundation,trade_group,Council on Foundations,member,https://cof.org/member-directory/non-members,,,
Kearney Area Community Foundation,trade_group,Council on Foundations,member,https://cof.org/member-directory/non-members,,,
Kenneth Rainin Foundation,trade_group,Council on Foundations,member,https://cof.org/member-directory/non-members,,,
Kern Community Foundation,trade_group,Council on Foundations,member,https://cof.org/member-directory/non-members,,,
Kern River Valley Community Funds,trade_group,Council on Foundations,member,https://cof.org/member-directory/non-members,,,
Kettering Foundation,trade_group,Council on Foundations,member,https://cof.org/member-directory/non-members,,,
Key Biscayne Community Foundation,trade_group,Council on Foundations,member,https://cof.org/member-directory/non-members,,,
Stephen & Tabitha King Foundation,trade_group,Council on Foundations,member,https://cof.org/member-directory/non-members,,,
Kirkpatrick Family Fund,trade_group,Council on Foundations,member,https://cof.org/member-directory/non-members,,,
Kirsch Foundation,trade_group,Council on Foundations,member,https://cof.org/member-directory/non-members,,,
Kisco Foundation,trade_group,Council on Foundations,member,https://cof.org/member-directory/non-members,,,
Kitsap Community Foundation,trade_group,Council on Foundations,member,https://cof.org/member-directory/non-members,,,
Kiva,trade_group,Council on Foundations,member,https://cof.org/member-directory/non-members,,,
The Klarman Family Foundation,trade_group,Council on Foundations,member,https://cof.org/member-directory/non-members,,,
Klingenstein Third Generation Foundation,trade_group,Council on Foundations,member,https://cof.org/member-directory/non-members,,,
John S. and James L. Knight Foundation,trade_group,Council on Foundations,member,https://cof.org/member-directory/non-members,,,
Kosasa Foundation,trade_group,Council on Foundations,member,https://cof.org/member-directory/non-members,,,
Kulas Foundation,trade_group,Council on Foundations,member,https://cof.org/member-directory/non-members,,,
Albert Kunstadter Family Foundation,trade_group,Council on Foundations,member,https://cof.org/member-directory/non-members,,,
Kurland Family Foundation,trade_group,Council on Foundations,member,https://cof.org/member-directory/non-members,,,
La Crosse Area Community Foundation,trade_group,Council on Foundations,member,https://cof.org/member-directory/non-members,,,
La Salle International Foundation,trade_group,Council on Foundations,member,https://cof.org/member-directory/non-members,,,
La Centra-Sumerlin Foundation,trade_group,Council on Foundations,member,https://cof.org/member-directory/non-members,,,
Lake County Community Foundation (MI),trade_group,Council on Foundations,member,https://cof.org/member-directory/non-members,,,
The Lake County Community Foundation,trade_group,Council on Foundations,member,https://cof.org/member-directory/non-members,,,
Lake County Community Fund,trade_group,Council on Foundations,member,https://cof.org/member-directory/non-members,,,
Lois and Lucy Lampkin Foundation,trade_group,Council on Foundations,member,https://cof.org/member-directory/non-members,,,
Lancaster County Community Foundation,trade_group,Council on Foundations,member,https://cof.org/member-directory/non-members,,,
Laredo Area Community Foundation,trade_group,Council on Foundations,member,https://cof.org/member-directory/non-members,,,
Latino Community Foundation,trade_group,Council on Foundations,member,https://cof.org/member-directory/non-members,,,
The Blanche & Irving Laurie Foundation,trade_group,Council on Foundations,member,https://cof.org/member-directory/non-members,,,
Law Hesselbaum LLP,trade_group,Council on Foundations,member,https://cof.org/member-directory/non-members,,,
League of California Community Foundations,trade_group,Council on Foundations,member,https://cof.org/member-directory/non-members,,,
Learning to Give,trade_group,Council on Foundations,member,https://cof.org/member-directory/non-members,,,
Lehigh Valley Community Foundation,trade_group,Council on Foundations,member,https://cof.org/member-directory/non-members,,,
Lenoir County Community Foundation,trade_group,Council on Foundations,member,https://cof.org/member-directory/non-members,,,
The Leona M. and Harry B. Helmsley Charitable Trust,trade_group,Council on Foundations,member,https://cof.org/member-directory/non-members,,,
Leonard & Beryl Buck Foundation,trade_group,Council on Foundations,member,https://cof.org/member-directory/non-members,,,
Dean & Margaret Lesher Foundation,trade_group,Council on Foundations,member,https://cof.org/member-directory/non-members,,,
"The A.L. Levine Family Foundation, Inc.",trade_group,Council on Foundations,member,https://cof.org/member-directory/non-members,,,
Liberty Mutual Foundation,trade_group,Council on Foundations,member,https://cof.org/member-directory/non-members,,,
LII Lennox Foundation,trade_group,Council on Foundations,member,https://cof.org/member-directory/non-members,,,
Lilly Endowment Inc.,trade_group,Council on Foundations,member,https://cof.org/member-directory/non-members,,,
The Lima Community Foundation,trade_group,Council on Foundations,member,https://cof.org/member-directory/non-members,,,
"Lincoln Community Foundation, Inc. (NE)",trade_group,Council on Foundations,member,https://cof.org/member-directory/non-members,,,
Lincoln County Community Foundation,trade_group,Council on Foundations,member,https://cof.org/member-directory/non-members,,,
The Lincoln County Community Foundation,trade_group,Council on Foundations,member,https://cof.org/member-directory/non-members,,,
Lincoln Valley Community Foundation,trade_group,Council on Foundations,member,https://cof.org/member-directory/non-members,,,
Live Well Foundation of South Lake,trade_group,Council on Foundations,member,https://cof.org/member-directory/non-members,,,
Livonia Community Foundation,trade_group,Council on Foundations,member,https://cof.org/member-directory/non-members,,,
Long Beach Community Foundation,trade_group,Council on Foundations,member,https://cof.org/member-directory/non-members,,,
Long Island Community Foundation,trade_group,Council on Foundations,member,https://cof.org/member-directory/non-members,,,
Longmont Community Foundation,trade_group,Council on Foundations,member,https://cof.org/member-directory/non-members,,,
Longview Community Foundation,trade_group,Council on Foundations,member,https://cof.org/member-directory/non-members,,,
"Longwood Foundation, Inc.",trade_group,Council on Foundations,member,https://cof.org/member-directory/non-members,,,
Los Alamos National Laboratory Foundation,trade_group,Council on Foundations,member,https://cof.org/member-directory/non-members,,,
Los Altos Community Foundation,trade_group,Council on Foundations,member,https://cof.org/member-directory/non-members,,,
Louisiana Parks Foundation,trade_group,Council on Foundations,member,https://cof.org/member-directory/non-members,,,
Louisiana Real Estate Foundation,trade_group,Council on Foundations,member,https://cof.org/member-directory/non-members,,,
Family Foundation of Southwest Louisiana,trade_group,Council on Foundations,member,https://cof.org/member-directory/non-members,,,
"Richard Lounsbery Foundation, Inc.",trade_group,Council on Foundations,member,https://cof.org/member-directory/non-members,,,
Tom and Judy Love Foundation,trade_group,Council on Foundations,member,https://cof.org/member-directory/non-members,true,463640241,Tom And Judy Love Foundation
Lawrence Choy Lowe Memorial Fund,trade_group,Council on Foundations,member,https://cof.org/member-directory/non-members,,,
Lowell Area Community Fund,trade_group,Council on Foundations,member,https://cof.org/member-directory/non-members,,,
Lubetzky Family Foundation,trade_group,Council on Foundations,member,https://cof.org/member-directory/non-members,,,
"The Henry Luce Foundation, Inc.",trade_group,Council on Foundations,member,https://cof.org/member-directory/non-members,,,
Lumina Foundation,trade_group,Council on Foundations,member,https://cof.org/member-directory/non-members,,,
The Luzerne Foundation,trade_group,Council on Foundations,member,https://cof.org/member-directory/non-members,,,
Lyndhurst Foundation,trade_group,Council on Foundations,member,https://cof.org/member-directory/non-members,,,
Lynx Foundation,trade_group,Council on Foundations,member,https://cof.org/member-directory/non-members,,,
John D. and Catherine T. MacArthur Foundation,trade_group,Council on Foundations,member,https://cof.org/member-directory/non-members,,,
Macon County Community Foundation,trade_group,Council on Foundations,member,https://cof.org/member-directory/non-members,,,
Madison Community Foundation,trade_group,Council on Foundations,member,https://cof.org/member-directory/non-members,,,
Madison County Community Foundation,trade_group,Council on Foundations,member,https://cof.org/member-directory/non-members,,,
Magic Cabinet,trade_group,Council on Foundations,member,https://cof.org/member-directory/non-members,,,
Mahoney Foundation,trade_group,Council on Foundations,member,https://cof.org/member-directory/non-members,,,
Main Street Community Foundation,trade_group,Council on Foundations,member,https://cof.org/member-directory/non-members,,,
Maine Community Foundation,trade_group,Council on Foundations,member,https://cof.org/member-directory/non-members,,,
Maine Community Supporting Foundation,trade_group,Council on Foundations,member,https://cof.org/member-directory/non-members,,,
Making a Difference Foundation (UT),trade_group,Council on Foundations,member,https://cof.org/member-directory/non-members,,,
"Mamoru and Aiko Takitani Foundation, Inc.",trade_group,Council on Foundations,member,https://cof.org/member-directory/non-members,,,
Mankato Area Foundation,trade_group,Council on Foundations,member,https://cof.org/member-directory/non-members,,,
Mansfield Foundation,trade_group,Council on Foundations,member,https://cof.org/member-directory/non-members,,,
Community Foundation of Jackson County,trade_group,Council on Foundations,member,https://cof.org/member-directory/non-members,,,
Margaret A. Cargill Philanthropies,trade_group,Council on Foundations,member,https://cof.org/member-directory/non-members,,,
Marin Community Foundation,trade_group,Council on Foundations,member,https://cof.org/member-directory/non-members,,,
Marion Community Foundation,trade_group,Council on Foundations,member,https://cof.org/member-directory/non-members,,,
Marisla Foundation,trade_group,Council on Foundations,member,https://cof.org/member-directory/non-members,,,
The Community Foundation Martin-St. Lucie,trade_group,Council on Foundations,member,https://cof.org/member-directory/non-members,,,
Martinsville Area Community Foundation,trade_group,Council on Foundations,member,https://cof.org/member-directory/non-members,,,
Mary & Robert Pew Public Education Fund,trade_group,Council on Foundations,member,https://cof.org/member-directory/non-members,,,
Mary Louise Dobson Foundation,trade_group,Council on Foundations,member,https://cof.org/member-directory/non-members,,,
Mary Ruth Weisel Foundation,trade_group,Council on Foundations,member,https://cof.org/member-directory/non-members,,,
Maryland Philanthropy Network,trade_group,Council on Foundations,member,https://cof.org/member-directory/non-members,,,
"Mason Investment Advisory Services, Inc.",trade_group,Council on Foundations,member,https://cof.org/member-directory/non-members,,,
Mavericks Community Foundation,trade_group,Council on Foundations,member,https://cof.org/member-directory/non-members,,,
May and Stanley Smith Charitable Trust,trade_group,Council on Foundations,member,https://cof.org/member-directory/non-members,,,
The Mayday Fund,trade_group,Council on Foundations,member,https://cof.org/member-directory/non-members,,,
The McConnell Foundation,trade_group,Council on Foundations,member,https://cof.org/member-directory/non-members,,,
McCune Foundation (CA),trade_group,Council on Foundations,member,https://cof.org/member-directory/non-members,,,
James S. McDonnell Foundation,trade_group,Council on Foundations,member,https://cof.org/member-directory/non-members,,,
McDowell Foundation,trade_group,Council on Foundations,member,https://cof.org/member-directory/non-members,,,
McEachern Endowment Fund,trade_group,Council on Foundations,member,https://cof.org/member-directory/non-members,,,
"MCF Gift Fund, Inc.",trade_group,Council on Foundations,member,https://cof.org/member-directory/non-members,,,
McFeely-Rogers Foundation,trade_group,Council on Foundations,member,https://cof.org/member-directory/non-members,,,
The Curtis W. McGraw Foundation,trade_group,Council on Foundations,member,https://cof.org/member-directory/non-members,,,
McGregor Fund,trade_group,Council on Foundations,member,https://cof.org/member-directory/non-members,,,
McKnight Foundation,trade_group,Council on Foundations,member,https://cof.org/member-directory/non-members,,,
The McLean Contributionship,trade_group,Council on Foundations,member,https://cof.org/member-directory/non-members,,,
McPherson County Community Foundation,trade_group,Council on Foundations,member,https://cof.org/member-directory/non-members,,,
Meadows Foundation (TX),trade_group,Council on Foundations,member,https://cof.org/member-directory/non-members,,,
Meagher County Community Foundation,trade_group,Council on Foundations,member,https://cof.org/member-directory/non-members,,,
Mecosta County Community Foundation,trade_group,Council on Foundations,member,https://cof.org/member-directory/non-members,,,
Medina County Community Foundation,trade_group,Council on Foundations,member,https://cof.org/member-directory/non-members,,,
Medtronic Foundation,trade_group,Council on Foundations,member,https://cof.org/member-directory/non-members,,,
Mellon Foundation,trade_group,Council on Foundations,member,https://cof.org/member-directory/non-members,,,
The Melville Charitable Trust,trade_group,Council on Foundations,member,https://cof.org/member-directory/non-members,,,
Mertz Gilmore Foundation,trade_group,Council on Foundations,member,https://cof.org/member-directory/non-members,,,
MetLife Foundation,trade_group,Council on Foundations,member,https://cof.org/member-directory/non-members,,,
MetroWest Health Foundation,trade_group,Council on Foundations,member,https://cof.org/member-directory/non-members,,,
Meyer Memorial Trust,trade_group,Council on Foundations,member,https://cof.org/member-directory/non-members,,,
Miami County Foundation,trade_group,Council on Foundations,member,https://cof.org/member-directory/non-members,,,
The Miami Foundation,trade_group,Council on Foundations,member,https://cof.org/member-directory/non-members,,,
The Miami HEAT Charitable Fund,trade_group,Council on Foundations,member,https://cof.org/member-directory/non-members,,,
Micron Technology Foundation Inc.,trade_group,Council on Foundations,member,https://cof.org/member-directory/non-members,,,
"Mid-Shore Community Foundation, Inc.",trade_group,Council on Foundations,member,https://cof.org/member-directory/non-members,,,
MillerKnoll Foundation,trade_group,Council on Foundations,member,https://cof.org/member-directory/non-members,,,
Millstone Fund,trade_group,Council on Foundations,member,https://cof.org/member-directory/non-members,,,
Mineral County Community Foundation,trade_group,Council on Foundations,member,https://cof.org/member-directory/non-members,,,
Minneapolis Foundation,trade_group,Council on Foundations,member,https://cof.org/member-directory/non-members,,,
"Miramar Services, Inc.",trade_group,Council on Foundations,member,https://cof.org/member-directory/non-members,,,
Missouri Foundation for Health,trade_group,Council on Foundations,member,https://cof.org/member-directory/non-members,,,
The Mitsui USA Foundation,trade_group,Council on Foundations,member,https://cof.org/member-directory/non-members,,,
MJS Foundation,trade_group,Council on Foundations,member,https://cof.org/member-directory/non-members,,,
Monitors Foundation,trade_group,Council on Foundations,member,https://cof.org/member-directory/non-members,,,
Montana Community Foundation,trade_group,Council on Foundations,member,https://cof.org/member-directory/non-members,,,
Montgomery County Community Foundation (TX),trade_group,Council on Foundations,member,https://cof.org/member-directory/non-members,,,
Montour County Community Foundation,trade_group,Council on Foundations,member,https://cof.org/member-directory/non-members,,,
Gordon and Betty Moore Foundation,trade_group,Council on Foundations,member,https://cof.org/member-directory/non-members,,,
Moore County Community Foundation,trade_group,Council on Foundations,member,https://cof.org/member-directory/non-members,,,
Moore Impact,trade_group,Council on Foundations,member,https://cof.org/member-directory/non-members,,,
Morgan Family Foundation,trade_group,Council on Foundations,member,https://cof.org/member-directory/non-members,,,
Morgan Hill Community Foundation,trade_group,Council on Foundations,member,https://cof.org/member-directory/non-members,,,
Morton Community Foundation,trade_group,Council on Foundations,member,https://cof.org/member-directory/non-members,,,
Mother Cabrini Health Foundation,trade_group,Council on Foundations,member,https://cof.org/member-directory/non-members,,,
Motorola Solutions Foundation,trade_group,Council on Foundations,member,https://cof.org/member-directory/non-members,,,
Charles Stewart Mott Foundation,trade_group,Council on Foundations,member,https://cof.org/member-directory/non-members,,,
Mount Airy Community Foundation,trade_group,Council on Foundations,member,https://cof.org/member-directory/non-members,,,
Mount Dora Community Trust,trade_group,Council on Foundations,member,https://cof.org/member-directory/non-members,,,
Musselshell Valley Community Foundation,trade_group,Council on Foundations,member,https://cof.org/member-directory/non-members,,,
Mutual of Omaha Foundation,trade_group,Council on Foundations,member,https://cof.org/member-directory/non-members,,,
The Kellner Family Foundation,trade_group,Council on Foundations,member,https://cof.org/member-directory/non-members,,,
Nancy Smith Hurd Foundation,trade_group,Council on Foundations,member,https://cof.org/member-directory/non-members,,,
Nasdaq Foundation,trade_group,Council on Foundations,member,https://cof.org/member-directory/non-members,,,
National Center for Family Philanthropy,trade_group,Council on Foundations,member,https://cof.org/member-directory/non-members,,,
National Committee for Responsive Philanthropy,trade_group,Council on Foundations,member,https://cof.org/member-directory/non-members,,,
National Community Action Partnership,trade_group,Council on Foundations,member,https://cof.org/member-directory/non-members,,,
National Philanthropic Trust,trade_group,Council on Foundations,member,https://cof.org/member-directory/non-members,,,
Natural Resources Foundation of Wisconsin,trade_group,Council on Foundations,member,https://cof.org/member-directory/non-members,,,
Craig H. Neilsen Foundation,trade_group,Council on Foundations,member,https://cof.org/member-directory/non-members,,,
Nellie Mae Education Foundation,trade_group,Council on Foundations,member,https://cof.org/member-directory/non-members,,,
New Balance Foundation,trade_group,Council on Foundations,member,https://cof.org/member-directory/non-members,,,
New Braunfels Area Community Foundation,trade_group,Council on Foundations,member,https://cof.org/member-directory/non-members,,,
New Hampshire Charitable Foundation,trade_group,Council on Foundations,member,https://cof.org/member-directory/non-members,,,
New Hanover Community Endowment,trade_group,Council on Foundations,member,https://cof.org/member-directory/non-members,,,
New Mexico Community Foundation,trade_group,Council on Foundations,member,https://cof.org/member-directory/non-members,,,
New Pluralists Collaborative,trade_group,Council on Foundations,member,https://cof.org/member-directory/non-members,,,
The New York Community Trust,trade_group,Council on Foundations,member,https://cof.org/member-directory/non-members,,,
NGOsource/TechSoup Global,trade_group,Council on Foundations,member,https://cof.org/member-directory/non-members,,,
Nicholas County Community Foundation,trade_group,Council on Foundations,member,https://cof.org/member-directory/non-members,,,
Nonprofit Sustainability Initiative,trade_group,Council on Foundations,member,https://cof.org/member-directory/non-members,,,
The Nord Family Foundation,trade_group,Council on Foundations,member,https://cof.org/member-directory/non-members,,,
The Kenneth T. & Eileen L. Norris Foundation,trade_group,Council on Foundations,member,https://cof.org/member-directory/non-members,,,
"North Carolina Community Foundation, Inc.",trade_group,Council on Foundations,member,https://cof.org/member-directory/non-members,,,
"North Central Health Services, Inc.",trade_group,Council on Foundations,member,https://cof.org/member-directory/non-members,,,
North Dakota Community Foundation,trade_group,Council on Foundations,member,https://cof.org/member-directory/non-members,,,
North Georgia Community Foundation,trade_group,Council on Foundations,member,https://cof.org/member-directory/non-members,,,
North Valley Community Foundation,trade_group,Council on Foundations,member,https://cof.org/member-directory/non-members,,,
Northampton County Community Foundation,trade_group,Council on Foundations,member,https://cof.org/member-directory/non-members,,,
Northern Chautauqua Community Foundation,trade_group,Council on Foundations,member,https://cof.org/member-directory/non-members,,,
Northern Cincinnati Foundation,trade_group,Council on Foundations,member,https://cof.org/member-directory/non-members,,,
"Northern New York Community Foundation, Inc.",trade_group,Council on Foundations,member,https://cof.org/member-directory/non-members,,,
Northrop Grumman Foundation,trade_group,Council on Foundations,member,https://cof.org/member-directory/non-members,,,
Northwest Area Foundation,trade_group,Council on Foundations,member,https://cof.org/member-directory/non-members,,,
Northwest Connecticut Community Foundation,trade_group,Council on Foundations,member,https://cof.org/member-directory/non-members,,,
NY Funders Alliance,trade_group,Council on Foundations,member,https://cof.org/member-directory/non-members,,,
Nye Community Foundation,trade_group,Council on Foundations,member,https://cof.org/member-directory/non-members,,,
A. Lindsay and Olive B. O'Connor Foundation,trade_group,Council on Foundations,member,https://cof.org/member-directory/non-members,,,
"The O'Grady Foundation, Inc.",trade_group,Council on Foundations,member,https://cof.org/member-directory/non-members,,,
Oak Foundation,trade_group,Council on Foundations,member,https://cof.org/member-directory/non-members,,,
The Oak Tree Philanthropic Foundation,trade_group,Council on Foundations,member,https://cof.org/member-directory/non-members,,,
Ocean Reef Community Foundation,trade_group,Council on Foundations,member,https://cof.org/member-directory/non-members,,,
Office of Eric Schmidt,trade_group,Council on Foundations,member,https://cof.org/member-directory/non-members,,,
"Oklahoma City Community Foundation, Inc.",trade_group,Council on Foundations,member,https://cof.org/member-directory/non-members,true,237024262,Oklahoma City Community Foundation Inc
Okoboji Foundation,trade_group,Council on Foundations,member,https://cof.org/member-directory/non-members,,,
Omaha Community Foundation,trade_group,Council on Foundations,member,https://cof.org/member-directory/non-members,,,
Omidyar Network,trade_group,Council on Foundations,member,https://cof.org/member-directory/non-members,,,
One Valley Community Foundation,trade_group,Council on Foundations,member,https://cof.org/member-directory/non-members,,,
Onslow County Community Foundation,trade_group,Council on Foundations,member,https://cof.org/member-directory/non-members,,,
Open Society Foundations,trade_group,Council on Foundations,member,https://cof.org/member-directory/non-members,,,
Open Society Institute of Baltimore,trade_group,Council on Foundations,member,https://cof.org/member-directory/non-members,,,
Orange County Community Foundation (CA),trade_group,Council on Foundations,member,https://cof.org/member-directory/non-members,,,
Oregon Community Foundation,trade_group,Council on Foundations,member,https://cof.org/member-directory/non-members,,,
Oro Valley Foundation,trade_group,Council on Foundations,member,https://cof.org/member-directory/non-members,,,
Ortega Foundation,trade_group,Council on Foundations,member,https://cof.org/member-directory/non-members,,,
Osceola County Community Foundation,trade_group,Council on Foundations,member,https://cof.org/member-directory/non-members,,,
Oshkosh Area Community Foundation,trade_group,Council on Foundations,member,https://cof.org/member-directory/non-members,,,
Our Community Foundation,trade_group,Council on Foundations,member,https://cof.org/member-directory/non-members,,,
The Our Fund Foundation,trade_group,Council on Foundations,member,https://cof.org/member-directory/non-members,,,
Outer Banks Community Foundation,trade_group,Council on Foundations,member,https://cof.org/member-directory/non-members,,,
"Owens Corning Foundation, Inc.",trade_group,Council on Foundations,member,https://cof.org/member-directory/non-members,,,
"Pablo Foundation, Inc.",trade_group,Council on Foundations,member,https://cof.org/member-directory/non-members,,,
The David & Lucile Packard Foundation,trade_group,Council on Foundations,member,https://cof.org/member-directory/non-members,,,
Palm Healthcare Foundation,trade_group,Council on Foundations,member,https://cof.org/member-directory/non-members,,,
Palm Springs Community Foundation,trade_group,Council on Foundations,member,https://cof.org/member-directory/non-members,,,
Palo Alto Community Fund,trade_group,Council on Foundations,member,https://cof.org/member-directory/non-members,,,
Pamlico County Community Foundation,trade_group,Council on Foundations,member,https://cof.org/member-directory/non-members,,,
Park City Community Foundation,trade_group,Council on Foundations,member,https://cof.org/member-directory/non-members,,,
Park County Community Foundation,trade_group,Council on Foundations,member,https://cof.org/member-directory/non-members,,,
Parkersburg Area Community Foundation,trade_group,Council on Foundations,member,https://cof.org/member-directory/non-members,,,
Funders Together for Housing Justice,trade_group,Council on Foundations,member,https://cof.org/member-directory/non-members,,,
Pasadena Community Foundation,trade_group,Council on Foundations,member,https://cof.org/member-directory/non-members,,,
Paso del Norte Health Foundation,trade_group,Council on Foundations,member,https://cof.org/member-directory/non-members,,,
PATH Foundation,trade_group,Council on Foundations,member,https://cof.org/member-directory/non-members,,,
Patterson Belknap Webb & Tyler LLP,trade_group,Council on Foundations,member,https://cof.org/member-directory/non-members,,,
Paul Liebman Family Foundation,trade_group,Council on Foundations,member,https://cof.org/member-directory/non-members,,,
Paul M. Angell Family Foundation,trade_group,Council on Foundations,member,https://cof.org/member-directory/non-members,,,
PayPal Giving Fund,trade_group,Council on Foundations,member,https://cof.org/member-directory/non-members,,,
Peace and Security Funders Group,trade_group,Council on Foundations,member,https://cof.org/member-directory/non-members,,,
"Peacock Foundation, Inc.",trade_group,Council on Foundations,member,https://cof.org/member-directory/non-members,,,
PEDIGREE Foundation,trade_group,Council on Foundations,member,https://cof.org/member-directory/non-members,,,
Pella Community Foundation,trade_group,Council on Foundations,member,https://cof.org/member-directory/non-members,,,
Pender County Community Foundation,trade_group,Council on Foundations,member,https://cof.org/member-directory/non-members,,,
Peninsula Community Foundation of Virginia,trade_group,Council on Foundations,member,https://cof.org/member-directory/non-members,,,
William Penn Foundation,trade_group,Council on Foundations,member,https://cof.org/member-directory/non-members,true,231503488,William Penn Foundation
Per Artes Foundation,trade_group,Council on Foundations,member,https://cof.org/member-directory/non-members,,,
The Jorge M. Perez Family Foundation,trade_group,Council on Foundations,member,https://cof.org/member-directory/non-members,,,
Perry County Community Foundation (PA),trade_group,Council on Foundations,member,https://cof.org/member-directory/non-members,,,
Person County Community Foundation,trade_group,Council on Foundations,member,https://cof.org/member-directory/non-members,,,
The Pew Charitable Trusts,trade_group,Council on Foundations,member,https://cof.org/member-directory/non-members,,,
Phelps County Community Foundation,trade_group,Council on Foundations,member,https://cof.org/member-directory/non-members,,,
The Philadelphia Foundation,trade_group,Council on Foundations,member,https://cof.org/member-directory/non-members,,,
The Philanthropic Initiative (TPI),trade_group,Council on Foundations,member,https://cof.org/member-directory/non-members,,,
Philanthropy California,trade_group,Council on Foundations,member,https://cof.org/member-directory/non-members,,,
Philanthropy for Active Civic Engagement (PACE),trade_group,Council on Foundations,member,https://cof.org/member-directory/non-members,,,
Philanthropy Ohio,trade_group,Council on Foundations,member,https://cof.org/member-directory/non-members,,,
Philanthropy Southeast,trade_group,Council on Foundations,member,https://cof.org/member-directory/non-members,,,
Phillips County Community Foundation (MT),trade_group,Council on Foundations,member,https://cof.org/member-directory/non-members,,,
Pikes Peak Community Foundation,trade_group,Council on Foundations,member,https://cof.org/member-directory/non-members,,,
Pincus Family Foundation,trade_group,Council on Foundations,member,https://cof.org/member-directory/non-members,,,
The Pinkerton Foundation,trade_group,Council on Foundations,member,https://cof.org/member-directory/non-members,,,
Pinky And Joe Brier Foundation,trade_group,Council on Foundations,member,https://cof.org/member-directory/non-members,,,
Minnie Stevens Piper Foundation,trade_group,Council on Foundations,member,https://cof.org/member-directory/non-members,,,
Virginia G. Piper Charitable Trust,trade_group,Council on Foundations,member,https://cof.org/member-directory/non-members,,,
The Piqua Community Foundation,trade_group,Council on Foundations,member,https://cof.org/member-directory/non-members,,,
Pirkle Jones Foundation,trade_group,Council on Foundations,member,https://cof.org/member-directory/non-members,,,
Pitt County Community Foundation,trade_group,Council on Foundations,member,https://cof.org/member-directory/non-members,,,
Pittsburgh Foundation,trade_group,Council on Foundations,member,https://cof.org/member-directory/non-members,,,
Placer Community Foundation,trade_group,Council on Foundations,member,https://cof.org/member-directory/non-members,,,
Pleasants Community Foundation,trade_group,Council on Foundations,member,https://cof.org/member-directory/non-members,true,141917606,Pleasants Community Foundation Inc
The Podiatry Foundation,trade_group,Council on Foundations,member,https://cof.org/member-directory/non-members,,,
Polk Bros. Foundation,trade_group,Council on Foundations,member,https://cof.org/member-directory/non-members,,,
"The Polk County Community Foundation, Inc.",trade_group,Council on Foundations,member,https://cof.org/member-directory/non-members,,,
"Porter County Community Foundation, Inc.",trade_group,Council on Foundations,member,https://cof.org/member-directory/non-members,,,
Pottstown Regional Community Foundation,trade_group,Council on Foundations,member,https://cof.org/member-directory/non-members,,,
Powder River Community Endowment Fund,trade_group,Council on Foundations,member,https://cof.org/member-directory/non-members,,,
Powell County Foundation,trade_group,Council on Foundations,member,https://cof.org/member-directory/non-members,,,
The Conrad Prebys Foundation,trade_group,Council on Foundations,member,https://cof.org/member-directory/non-members,,,
Prebys Foundation,trade_group,Council on Foundations,member,https://cof.org/member-directory/non-members,,,
Princeton Area Community Foundation,trade_group,Council on Foundations,member,https://cof.org/member-directory/non-members,,,
Pritzker Pucker Family Foundation,trade_group,Council on Foundations,member,https://cof.org/member-directory/non-members,,,
Puffin Foundation Ltd.,trade_group,Council on Foundations,member,https://cof.org/member-directory/non-members,,,
Quad Cities Community Foundation,trade_group,Council on Foundations,member,https://cof.org/member-directory/non-members,,,
Quinn Hill Foundation,trade_group,Council on Foundations,member,https://cof.org/member-directory/non-members,,,
"Racine Community Foundation, Inc.",trade_group,Council on Foundations,member,https://cof.org/member-directory/non-members,,,
Radical Imagination Family Foundation,trade_group,Council on Foundations,member,https://cof.org/member-directory/non-members,,,
Railsplitter Community Foundation,trade_group,Council on Foundations,member,https://cof.org/member-directory/non-members,,,
"Ralph C. Wilson, Jr. Foundation",trade_group,Council on Foundations,member,https://cof.org/member-directory/non-members,,,
The Ralph M. Parsons Foundation,trade_group,Council on Foundations,member,https://cof.org/member-directory/non-members,,,
Randolph County Community Foundation,trade_group,Council on Foundations,member,https://cof.org/member-directory/non-members,,,
John Randolph Foundation,trade_group,Council on Foundations,member,https://cof.org/member-directory/non-members,,,
"Raskob Foundation for Catholic Activities, Inc.",trade_group,Council on Foundations,member,https://cof.org/member-directory/non-members,,,
Rasmuson Foundation,trade_group,Council on Foundations,member,https://cof.org/member-directory/non-members,,,
Reach Resilience,trade_group,Council on Foundations,member,https://cof.org/member-directory/non-members,,,
Red Lodge Area Community Foundation,trade_group,Council on Foundations,member,https://cof.org/member-directory/non-members,,,
Redwater Community Foundation,trade_group,Council on Foundations,member,https://cof.org/member-directory/non-members,,,
The Reissa Foundation,trade_group,Council on Foundations,member,https://cof.org/member-directory/non-members,,,
Relevant Wealth,trade_group,Council on Foundations,member,https://cof.org/member-directory/non-members,,,
Renton Regional Community Foundation,trade_group,Council on Foundations,member,https://cof.org/member-directory/non-members,,,
RRF Foundation for Aging,trade_group,Council on Foundations,member,https://cof.org/member-directory/non-members,,,
Rhinelander Community Foundation,trade_group,Council on Foundations,member,https://cof.org/member-directory/non-members,,,
Rhode Island Foundation,trade_group,Council on Foundations,member,https://cof.org/member-directory/non-members,,,
Rice County Community Foundation,trade_group,Council on Foundations,member,https://cof.org/member-directory/non-members,,,
Richard & Min Vondrak Foundation Inc,trade_group,Council on Foundations,member,https://cof.org/member-directory/non-members,,,
Richland County Community Foundation,trade_group,Council on Foundations,member,https://cof.org/member-directory/non-members,,,
Richland County Foundation,trade_group,Council on Foundations,member,https://cof.org/member-directory/non-members,,,
Richmond Community Foundation,trade_group,Council on Foundations,member,https://cof.org/member-directory/non-members,,,
Rifle Community Foundation,trade_group,Council on Foundations,member,https://cof.org/member-directory/non-members,,,
Rio Grande Valley Philanthropic Foundation,trade_group,Council on Foundations,member,https://cof.org/member-directory/non-members,,,
Rippleworks Inc.,trade_group,Council on Foundations,member,https://cof.org/member-directory/non-members,,,
Rita Allen Foundation,trade_group,Council on Foundations,member,https://cof.org/member-directory/non-members,,,
RK Foundation for Rural America,trade_group,Council on Foundations,member,https://cof.org/member-directory/non-members,,,
Roaring Brook Family Foundation,trade_group,Council on Foundations,member,https://cof.org/member-directory/non-members,,,
Rob Walton Foundation,trade_group,Council on Foundations,member,https://cof.org/member-directory/non-members,,,
Robert Wood Johnson Foundation,trade_group,Council on Foundations,member,https://cof.org/member-directory/non-members,,,
Roberts Community Foundation,trade_group,Council on Foundations,member,https://cof.org/member-directory/non-members,,,
Robeson County Community Foundation,trade_group,Council on Foundations,member,https://cof.org/member-directory/non-members,,,
Robinson & Cole LLP,trade_group,Council on Foundations,member,https://cof.org/member-directory/non-members,,,
Rochelle Area Community Foundation,trade_group,Council on Foundations,member,https://cof.org/member-directory/non-members,,,
Rochester Area Community Foundation (NY),trade_group,Council on Foundations,member,https://cof.org/member-directory/non-members,,,
Rock County Community Foundation,trade_group,Council on Foundations,member,https://cof.org/member-directory/non-members,,,
Rockbridge Area Community Foundation,trade_group,Council on Foundations,member,https://cof.org/member-directory/non-members,,,
"Rockefeller Brothers Fund, Inc.",trade_group,Council on Foundations,member,https://cof.org/member-directory/non-members,,,
Rockefeller Capital Management,trade_group,Council on Foundations,member,https://cof.org/member-directory/non-members,,,
The Rockefeller Foundation,trade_group,Council on Foundations,member,https://cof.org/member-directory/non-members,,,
Rockingham County Community Foundation,trade_group,Council on Foundations,member,https://cof.org/member-directory/non-members,,,
Rocky Mountain Front Community Foundation,trade_group,Council on Foundations,member,https://cof.org/member-directory/non-members,,,
Roosevelt County Community Foundation,trade_group,Council on Foundations,member,https://cof.org/member-directory/non-members,,,
Roscommon County Community Foundation,trade_group,Council on Foundations,member,https://cof.org/member-directory/non-members,,,
Rose Community Foundation,trade_group,Council on Foundations,member,https://cof.org/member-directory/non-members,,,
Rosemary Beatrice Foundation,trade_group,Council on Foundations,member,https://cof.org/member-directory/non-members,,,
"Ross Stores, Inc.",trade_group,Council on Foundations,member,https://cof.org/member-directory/non-members,,,
Rossville Community Foundation,trade_group,Council on Foundations,member,https://cof.org/member-directory/non-members,,,
Rotary District 5240 Charitable Foundation,trade_group,Council on Foundations,member,https://cof.org/member-directory/non-members,,,
Ruby Valley Foundation,trade_group,Council on Foundations,member,https://cof.org/member-directory/non-members,,,
Rusk County Community Foundation,trade_group,Council on Foundations,member,https://cof.org/member-directory/non-members,,,
"S&P Global, Inc.",trade_group,Council on Foundations,member,https://cof.org/member-directory/non-members,,,
Sacramento Region Community Foundation,trade_group,Council on Foundations,member,https://cof.org/member-directory/non-members,,,
Safeco Insurance Fund,trade_group,Council on Foundations,member,https://cof.org/member-directory/non-members,,,
Salado Community Foundation,trade_group,Council on Foundations,member,https://cof.org/member-directory/non-members,,,
Sampson County Community Foundation,trade_group,Council on Foundations,member,https://cof.org/member-directory/non-members,,,
"Earl C. Sams Foundation, Inc.",trade_group,Council on Foundations,member,https://cof.org/member-directory/non-members,,,
San Angelo Area Foundation,trade_group,Council on Foundations,member,https://cof.org/member-directory/non-members,,,
San Antonio Area Foundation,trade_group,Council on Foundations,member,https://cof.org/member-directory/non-members,,,
San Bruno Community Foundation,trade_group,Council on Foundations,member,https://cof.org/member-directory/non-members,,,
San Diego Foundation,trade_group,Council on Foundations,member,https://cof.org/member-directory/non-members,,,
San Diego Women's Foundation,trade_group,Council on Foundations,member,https://cof.org/member-directory/non-members,,,
San Francisco Foundation,trade_group,Council on Foundations,member,https://cof.org/member-directory/non-members,,,
San Joaquin Community Foundation,trade_group,Council on Foundations,member,https://cof.org/member-directory/non-members,,,
San Juan Island Community Foundation,trade_group,Council on Foundations,member,https://cof.org/member-directory/non-members,,,
Sandusky County Communities Foundation,trade_group,Council on Foundations,member,https://cof.org/member-directory/non-members,,,
Santa Barbara Foundation,trade_group,Council on Foundations,member,https://cof.org/member-directory/non-members,,,
Santa Fe Community Foundation,trade_group,Council on Foundations,member,https://cof.org/member-directory/non-members,,,
Saratoga Monte Sereno Community Foundation,trade_group,Council on Foundations,member,https://cof.org/member-directory/non-members,,,
"Scharbauer Foundation, Inc.",trade_group,Council on Foundations,member,https://cof.org/member-directory/non-members,,,
The Schenectady Foundation,trade_group,Council on Foundations,member,https://cof.org/member-directory/non-members,,,
"Schmidt Sciences, LLC",trade_group,Council on Foundations,member,https://cof.org/member-directory/non-members,,,
The Schoen Foundation,trade_group,Council on Foundations,member,https://cof.org/member-directory/non-members,,,
Schreiber Philanthropy,trade_group,Council on Foundations,member,https://cof.org/member-directory/non-members,,,
Schrenk Family Foundation,trade_group,Council on Foundations,member,https://cof.org/member-directory/non-members,,,
Schultz Family Foundation,trade_group,Council on Foundations,member,https://cof.org/member-directory/non-members,,,
Charles & Lynn Schusterman Family Philanthropies,trade_group,Council on Foundations,member,https://cof.org/member-directory/non-members,,,
Schuylkill Area Community Foundation,trade_group,Council on Foundations,member,https://cof.org/member-directory/non-members,,,
Charles Schwab Foundation,trade_group,Council on Foundations,member,https://cof.org/member-directory/non-members,,,
Science Philanthropy Alliance,trade_group,Council on Foundations,member,https://cof.org/member-directory/non-members,,,
"Scranton Area Community Foundation, Inc.",trade_group,Council on Foundations,member,https://cof.org/member-directory/non-members,,,
Seattle Foundation,trade_group,Council on Foundations,member,https://cof.org/member-directory/non-members,,,
Seattle International Foundation,trade_group,Council on Foundations,member,https://cof.org/member-directory/non-members,,,
Seeley Lake Community Foundation,trade_group,Council on Foundations,member,https://cof.org/member-directory/non-members,,,
Segal Family Foundation (NJ),trade_group,Council on Foundations,member,https://cof.org/member-directory/non-members,,,
Selinsgrove Area Community Foundation,trade_group,Council on Foundations,member,https://cof.org/member-directory/non-members,,,
Sequoia Climate Foundation,trade_group,Council on Foundations,member,https://cof.org/member-directory/non-members,true,854095972,Sequoia Climate Foundation
Shallow Ford Foundation,trade_group,Council on Foundations,member,https://cof.org/member-directory/non-members,,,
The Sharon D. Lund Foundation,trade_group,Council on Foundations,member,https://cof.org/member-directory/non-members,,,
Community Foundation of the North State,trade_group,Council on Foundations,member,https://cof.org/member-directory/non-members,,,
Gardiner Howland Shaw Foundation,trade_group,Council on Foundations,member,https://cof.org/member-directory/non-members,,,
Shenandoah Community Foundation,trade_group,Council on Foundations,member,https://cof.org/member-directory/non-members,,,
Sheridan Community Foundation (WY),trade_group,Council on Foundations,member,https://cof.org/member-directory/non-members,,,
Sheridan County Community Foundation,trade_group,Council on Foundations,member,https://cof.org/member-directory/non-members,,,
Marion A. and Ruth K. Sherwood Family Fund,trade_group,Council on Foundations,member,https://cof.org/member-directory/non-members,,,
Shumard Foundation,trade_group,Council on Foundations,member,https://cof.org/member-directory/non-members,,,
Silicon Valley Community Foundation,trade_group,Council on Foundations,member,https://cof.org/member-directory/non-members,,,
Simons Foundation,trade_group,Council on Foundations,member,https://cof.org/member-directory/non-members,,,
Sioux Falls Area Community Foundation,trade_group,Council on Foundations,member,https://cof.org/member-directory/non-members,,,
Siouxland Community Foundation,trade_group,Council on Foundations,member,https://cof.org/member-directory/non-members,,,
Skill Up Washington,trade_group,Council on Foundations,member,https://cof.org/member-directory/non-members,,,
The Skillman Foundation,trade_group,Council on Foundations,member,https://cof.org/member-directory/non-members,,,
Skillworks: Partners For A Productive Workforce,trade_group,Council on Foundations,member,https://cof.org/member-directory/non-members,,,
Skoll Foundation,trade_group,Council on Foundations,member,https://cof.org/member-directory/non-members,,,
Skyline Foundation,trade_group,Council on Foundations,member,https://cof.org/member-directory/non-members,,,
Sobrato Family Foundation,trade_group,Council on Foundations,member,https://cof.org/member-directory/non-members,,,
Sobrato Philanthropies,trade_group,Council on Foundations,member,https://cof.org/member-directory/non-members,,,
"Social Finance, Inc.",trade_group,Council on Foundations,member,https://cof.org/member-directory/non-members,,,
Social Impact Commons,trade_group,Council on Foundations,member,https://cof.org/member-directory/non-members,,,
Solano Community Foundation,trade_group,Council on Foundations,member,https://cof.org/member-directory/non-members,,,
Sonora Area Foundation,trade_group,Council on Foundations,member,https://cof.org/member-directory/non-members,,,
"The Soo Foundation, Inc.",trade_group,Council on Foundations,member,https://cof.org/member-directory/non-members,,,
South Central Community Foundation,trade_group,Council on Foundations,member,https://cof.org/member-directory/non-members,,,
Health Foundation of South Florida,trade_group,Council on Foundations,member,https://cof.org/member-directory/non-members,,,
South Haven Area Community Foundation,trade_group,Council on Foundations,member,https://cof.org/member-directory/non-members,,,
SouthCoast Community Foundation,trade_group,Council on Foundations,member,https://cof.org/member-directory/non-members,,,
Southeast Ottawa Community Foundation,trade_group,Council on Foundations,member,https://cof.org/member-directory/non-members,,,
Southern California Grantmakers,trade_group,Council on Foundations,member,https://cof.org/member-directory/non-members,,,
Sparta Community Foundation,trade_group,Council on Foundations,member,https://cof.org/member-directory/non-members,,,
The Spartanburg County Foundation,trade_group,Council on Foundations,member,https://cof.org/member-directory/non-members,,,
The Spencer Foundation,trade_group,Council on Foundations,member,https://cof.org/member-directory/non-members,,,
The Springfield Foundation,trade_group,Council on Foundations,member,https://cof.org/member-directory/non-members,,,
"Spunk Fund, Inc.",trade_group,Council on Foundations,member,https://cof.org/member-directory/non-members,,,
St. Croix Valley Foundation,trade_group,Council on Foundations,member,https://cof.org/member-directory/non-members,,,
"Saint Luke's Foundation of Cleveland, Ohio",trade_group,Council on Foundations,member,https://cof.org/member-directory/non-members,,,
St. Mary Parish Community Fund,trade_group,Council on Foundations,member,https://cof.org/member-directory/non-members,,,
Stanislaus Community Foundation,trade_group,Council on Foundations,member,https://cof.org/member-directory/non-members,,,
Stark Community Foundation,trade_group,Council on Foundations,member,https://cof.org/member-directory/non-members,,,
The Starr Foundation,trade_group,Council on Foundations,member,https://cof.org/member-directory/non-members,,,
Starved Rock Country Community Foundation,trade_group,Council on Foundations,member,https://cof.org/member-directory/non-members,,,
"Stateline Community Foundation, Inc.",trade_group,Council on Foundations,member,https://cof.org/member-directory/non-members,,,
Steans Family Foundation,trade_group,Council on Foundations,member,https://cof.org/member-directory/non-members,,,
Irvin Stern Foundation,trade_group,Council on Foundations,member,https://cof.org/member-directory/non-members,,,
"Stoel Rives, LLP",trade_group,Council on Foundations,member,https://cof.org/member-directory/non-members,,,
Stoneleigh Foundation,trade_group,Council on Foundations,member,https://cof.org/member-directory/non-members,,,
Hattie M. Strong Foundation,trade_group,Council on Foundations,member,https://cof.org/member-directory/non-members,,,
Stuart Foundation,trade_group,Council on Foundations,member,https://cof.org/member-directory/non-members,,,
"Subaru of America Foundation, Inc.",trade_group,Council on Foundations,member,https://cof.org/member-directory/non-members,,,
Suffolk Foundation,trade_group,Council on Foundations,member,https://cof.org/member-directory/non-members,,,
Sunbury Area Community Foundation,trade_group,Council on Foundations,member,https://cof.org/member-directory/non-members,,,
Sunlight Giving,trade_group,Council on Foundations,member,https://cof.org/member-directory/non-members,,,
"Surdna Foundation, Inc.",trade_group,Council on Foundations,member,https://cof.org/member-directory/non-members,,,
Susanne Marcus Collins Foundation Inc,trade_group,Council on Foundations,member,https://cof.org/member-directory/non-members,,,
Swain County Community Foundation,trade_group,Council on Foundations,member,https://cof.org/member-directory/non-members,,,
Sweet Grass Community Foundation,trade_group,Council on Foundations,member,https://cof.org/member-directory/non-members,,,
Tahoe Community Foundation,trade_group,Council on Foundations,member,https://cof.org/member-directory/non-members,,,
Tahoe Truckee Community Foundation,trade_group,Council on Foundations,member,https://cof.org/member-directory/non-members,,,
"Taos Community Foundation, Inc.",trade_group,Council on Foundations,member,https://cof.org/member-directory/non-members,,,
S. Mark Taper Foundation,trade_group,Council on Foundations,member,https://cof.org/member-directory/non-members,,,
Tapestry Foundation,trade_group,Council on Foundations,member,https://cof.org/member-directory/non-members,,,
Target Foundation,trade_group,Council on Foundations,member,https://cof.org/member-directory/non-members,,,
Taylor Family Foundation,trade_group,Council on Foundations,member,https://cof.org/member-directory/non-members,,,
"The Teagle Foundation, Inc.",trade_group,Council on Foundations,member,https://cof.org/member-directory/non-members,,,
The Tecovas Foundation,trade_group,Council on Foundations,member,https://cof.org/member-directory/non-members,,,
The Telluray Foundation,trade_group,Council on Foundations,member,https://cof.org/member-directory/non-members,,,
John Templeton Foundation,trade_group,Council on Foundations,member,https://cof.org/member-directory/non-members,,,
Terra Foundation for American Art,trade_group,Council on Foundations,member,https://cof.org/member-directory/non-members,,,
Terry Family Foundation,trade_group,Council on Foundations,member,https://cof.org/member-directory/non-members,,,
The Almanor Foundation,trade_group,Council on Foundations,member,https://cof.org/member-directory/non-members,,,
The Baxter Foundation,trade_group,Council on Foundations,member,https://cof.org/member-directory/non-members,,,
The Boston Foundation,trade_group,Council on Foundations,member,https://cof.org/member-directory/non-members,,,
The Brunckhorst Foundations,trade_group,Council on Foundations,member,https://cof.org/member-directory/non-members,,,
The California Endowment,trade_group,Council on Foundations,member,https://cof.org/member-directory/non-members,,,
The Community Foundation of the Rappahannock River Region,trade_group,Council on Foundations,member,https://cof.org/member-directory/non-members,,,
The Community Foundation of Elmira-Corning and the Finger Lakes,trade_group,Council on Foundations,member,https://cof.org/member-directory/non-members,,,
The Community Foundation San Luis Obispo County,trade_group,Council on Foundations,member,https://cof.org/member-directory/non-members,,,
The F.T. Stent Family Foundation,trade_group,Council on Foundations,member,https://cof.org/member-directory/non-members,,,
The Fairbanks Family Charitable Foundation,trade_group,Council on Foundations,member,https://cof.org/member-directory/non-members,,,
The Foundation for Delaware County,trade_group,Council on Foundations,member,https://cof.org/member-directory/non-members,,,
Healthcare Foundation of La Porte,trade_group,Council on Foundations,member,https://cof.org/member-directory/non-members,,,
Frist Foundation,trade_group,Council on Foundations,member,https://cof.org/member-directory/non-members,,,
Fund for Global Human Rights,trade_group,Council on Foundations,member,https://cof.org/member-directory/non-members,,,
J. Paul Getty Trust,trade_group,Council on Foundations,member,https://cof.org/member-directory/non-members,,,
The Graham Foundation,trade_group,Council on Foundations,member,https://cof.org/member-directory/non-members,,,
"The HWS Charitable Foundation, Inc.",trade_group,Council on Foundations,member,https://cof.org/member-directory/non-members,,,
The Katherine M. Agarwal and Kamal Agarwal Family Foundation,trade_group,Council on Foundations,member,https://cof.org/member-directory/non-members,,,
The Laura Ellen and Robert Muglia Family Foundation,trade_group,Council on Foundations,member,https://cof.org/member-directory/non-members,,,
The Libra Foundation,trade_group,Council on Foundations,member,https://cof.org/member-directory/non-members,,,
The Mechanicsburg Area Foundation,trade_group,Council on Foundations,member,https://cof.org/member-directory/non-members,,,
The Powder Mill Foundation,trade_group,Council on Foundations,member,https://cof.org/member-directory/non-members,,,
The RFP Fund,trade_group,Council on Foundations,member,https://cof.org/member-directory/non-members,,,
The Rippel Foundation,trade_group,Council on Foundations,member,https://cof.org/member-directory/non-members,,,
The Rita and Alex Hillman Foundation,trade_group,Council on Foundations,member,https://cof.org/member-directory/non-members,,,
The Robert F. Higgins Foundation,trade_group,Council on Foundations,member,https://cof.org/member-directory/non-members,,,
Schmidt Family Foundation,trade_group,Council on Foundations,member,https://cof.org/member-directory/non-members,,,
The Shook Home,trade_group,Council on Foundations,member,https://cof.org/member-directory/non-members,,,
The Three Lakes Community Foundation,trade_group,Council on Foundations,member,https://cof.org/member-directory/non-members,,,
The Tom and Nancy Driscoll Foundation,trade_group,Council on Foundations,member,https://cof.org/member-directory/non-members,,,
The Webber Family Foundation,trade_group,Council on Foundations,member,https://cof.org/member-directory/non-members,,,
The Youssef and Kamel Mawardi Fund,trade_group,Council on Foundations,member,https://cof.org/member-directory/non-members,,,
Thornburg Foundation,trade_group,Council on Foundations,member,https://cof.org/member-directory/non-members,,,
Thousand Currents,trade_group,Council on Foundations,member,https://cof.org/member-directory/non-members,,,
3 Rivers Community Foundation,trade_group,Council on Foundations,member,https://cof.org/member-directory/non-members,,,
Three Thirty Three Foundation,trade_group,Council on Foundations,member,https://cof.org/member-directory/non-members,,,
Three Valleys Community Foundation,trade_group,Council on Foundations,member,https://cof.org/member-directory/non-members,,,
Thrivent Charitable Impact & Investing,trade_group,Council on Foundations,member,https://cof.org/member-directory/non-members,,,
Ting Tsung and Wei Fong Chao Foundation,trade_group,Council on Foundations,member,https://cof.org/member-directory/non-members,,,
"Tinker Foundation, Inc.",trade_group,Council on Foundations,member,https://cof.org/member-directory/non-members,,,
Tobacco Valley Community Foundation,trade_group,Council on Foundations,member,https://cof.org/member-directory/non-members,,,
Greater Toledo Community Foundation,trade_group,Council on Foundations,member,https://cof.org/member-directory/non-members,,,
Topeka Community Foundation,trade_group,Council on Foundations,member,https://cof.org/member-directory/non-members,,,
Transylvania Endowment,trade_group,Council on Foundations,member,https://cof.org/member-directory/non-members,,,
Trellis Foundation,trade_group,Council on Foundations,member,https://cof.org/member-directory/non-members,,,
Triangle Community Foundation,trade_group,Council on Foundations,member,https://cof.org/member-directory/non-members,,,
True Costs Initiative,trade_group,Council on Foundations,member,https://cof.org/member-directory/non-members,,,
Truman Heartland Community Foundation,trade_group,Council on Foundations,member,https://cof.org/member-directory/non-members,,,
Tucker Community Foundation,trade_group,Council on Foundations,member,https://cof.org/member-directory/non-members,true,550687098,Tucker Community Foundation
U.S. Impact Investing Alliance,trade_group,Council on Foundations,member,https://cof.org/member-directory/non-members,,,
Unbound Philanthropy,trade_group,Council on Foundations,member,https://cof.org/member-directory/non-members,,,
Union County Foundation (OH),trade_group,Council on Foundations,member,https://cof.org/member-directory/non-members,,,
Union Foundation,trade_group,Council on Foundations,member,https://cof.org/member-directory/non-members,,,
United Community Bank Foundation,trade_group,Council on Foundations,member,https://cof.org/member-directory/non-members,,,
United States-Japan Foundation,trade_group,Council on Foundations,member,https://cof.org/member-directory/non-members,,,
University of the District of Columbia Foundation,trade_group,Council on Foundations,member,https://cof.org/member-directory/non-members,,,
Urgent Action Fund for Feminist Activism,trade_group,Council on Foundations,member,https://cof.org/member-directory/non-members,,,
Valhalla Foundation,trade_group,Council on Foundations,member,https://cof.org/member-directory/non-members,true,200478828,Valhalla Foundation
Valley Community Foundation,trade_group,Council on Foundations,member,https://cof.org/member-directory/non-members,,,
Vance County Community Foundation,trade_group,Council on Foundations,member,https://cof.org/member-directory/non-members,,,
Venice Endowment,trade_group,Council on Foundations,member,https://cof.org/member-directory/non-members,,,
Vertex Foundation Inc.,trade_group,Council on Foundations,member,https://cof.org/member-directory/non-members,,,
Victoria Foundation,trade_group,Council on Foundations,member,https://cof.org/member-directory/non-members,,,
Vilcek Foundation,trade_group,Council on Foundations,member,https://cof.org/member-directory/non-members,,,
Vincent B. & Barbara G. Welch Supporting Organization,trade_group,Council on Foundations,member,https://cof.org/member-directory/non-members,,,
"The Laura B. Vogler Foundation, Inc.",trade_group,Council on Foundations,member,https://cof.org/member-directory/non-members,,,
"W. W. Reynolds Foundation, Inc.",trade_group,Council on Foundations,member,https://cof.org/member-directory/non-members,,,
W.K. Kellogg Foundation,trade_group,Council on Foundations,member,https://cof.org/member-directory/non-members,,,
Waccamaw Community Foundation,trade_group,Council on Foundations,member,https://cof.org/member-directory/non-members,,,
"Wachovia Foundation, Inc.",trade_group,Council on Foundations,member,https://cof.org/member-directory/non-members,,,
Waco Foundation,trade_group,Council on Foundations,member,https://cof.org/member-directory/non-members,,,
Wake County Community Foundation,trade_group,Council on Foundations,member,https://cof.org/member-directory/non-members,,,
Wakefield Community Foundation,trade_group,Council on Foundations,member,https://cof.org/member-directory/non-members,,,
Walmart Foundation,trade_group,Council on Foundations,member,https://cof.org/member-directory/non-members,,,
Walker Area Community Foundation,trade_group,Council on Foundations,member,https://cof.org/member-directory/non-members,,,
The Walker Foundation,trade_group,Council on Foundations,member,https://cof.org/member-directory/non-members,,,
The Wallace Foundation,trade_group,Council on Foundations,member,https://cof.org/member-directory/non-members,,,
Walton Enterprises LLC,trade_group,Council on Foundations,member,https://cof.org/member-directory/non-members,,,
Walton Family Foundation,trade_group,Council on Foundations,member,https://cof.org/member-directory/non-members,,,
Wardle Family Foundation,trade_group,Council on Foundations,member,https://cof.org/member-directory/non-members,,,
"Andy Warhol Foundation for the Visual Arts, Inc.",trade_group,Council on Foundations,member,https://cof.org/member-directory/non-members,,,
Washington County Community Foundation (NE),trade_group,Council on Foundations,member,https://cof.org/member-directory/non-members,,,
"Washington County Community Foundation, Inc. (IN)",trade_group,Council on Foundations,member,https://cof.org/member-directory/non-members,,,
"Washington County Community Foundation, Inc. (PA)",trade_group,Council on Foundations,member,https://cof.org/member-directory/non-members,,,
Washington Square Health Foundation,trade_group,Council on Foundations,member,https://cof.org/member-directory/non-members,,,
Watauga County Community Foundation,trade_group,Council on Foundations,member,https://cof.org/member-directory/non-members,,,
Waterfall Foundation,trade_group,Council on Foundations,member,https://cof.org/member-directory/non-members,,,
Watertown Area Community Foundation,trade_group,Council on Foundations,member,https://cof.org/member-directory/non-members,,,
Waukesha County Community Foundation,trade_group,Council on Foundations,member,https://cof.org/member-directory/non-members,,,
The Wayne County Community Foundation,trade_group,Council on Foundations,member,https://cof.org/member-directory/non-members,,,
Wayne County Community Foundation (OH),trade_group,Council on Foundations,member,https://cof.org/member-directory/non-members,,,
WCA Foundation,trade_group,Council on Foundations,member,https://cof.org/member-directory/non-members,,,
Rose Foundation,trade_group,Council on Foundations,member,https://cof.org/member-directory/non-members,,,
The Harry & Jeanette Weinberg Foundation,trade_group,Council on Foundations,member,https://cof.org/member-directory/non-members,,,
Weingart Foundation,trade_group,Council on Foundations,member,https://cof.org/member-directory/non-members,,,
Weld Community Foundation,trade_group,Council on Foundations,member,https://cof.org/member-directory/non-members,,,
Wells Fargo Foundation,trade_group,Council on Foundations,member,https://cof.org/member-directory/non-members,,,
Wells Fargo Philanthropic Services,trade_group,Council on Foundations,member,https://cof.org/member-directory/non-members,,,
Wells Fargo Regional Foundation,trade_group,Council on Foundations,member,https://cof.org/member-directory/non-members,,,
Wellspring Foundation,trade_group,Council on Foundations,member,https://cof.org/member-directory/non-members,,,
Wellspring Philanthropic Fund,trade_group,Council on Foundations,member,https://cof.org/member-directory/non-members,,,
Wenner-Gren Foundation,trade_group,Council on Foundations,member,https://cof.org/member-directory/non-members,,,
West Des Moines Community Foundation,trade_group,Council on Foundations,member,https://cof.org/member-directory/non-members,,,
Westchester Community Foundation,trade_group,Council on Foundations,member,https://cof.org/member-directory/non-members,,,
Western Colorado Community Foundation,trade_group,Council on Foundations,member,https://cof.org/member-directory/non-members,,,
Westfield Insurance Foundation,trade_group,Council on Foundations,member,https://cof.org/member-directory/non-members,,,
Wharton County Community Foundation,trade_group,Council on Foundations,member,https://cof.org/member-directory/non-members,,,
Whatcom Community Foundation,trade_group,Council on Foundations,member,https://cof.org/member-directory/non-members,,,
Whidbey Community Foundation,trade_group,Council on Foundations,member,https://cof.org/member-directory/non-members,,,
Whitefish Community Foundation,trade_group,Council on Foundations,member,https://cof.org/member-directory/non-members,,,
Wichita Foundation (KS),trade_group,Council on Foundations,member,https://cof.org/member-directory/non-members,,,
Wichita Falls Area Community Foundation (TX),trade_group,Council on Foundations,member,https://cof.org/member-directory/non-members,,,
Wilburforce Foundation,trade_group,Council on Foundations,member,https://cof.org/member-directory/non-members,,,
Wildcard Giving,trade_group,Council on Foundations,member,https://cof.org/member-directory/non-members,,,
Wilkes County Community Foundation,trade_group,Council on Foundations,member,https://cof.org/member-directory/non-members,,,
William Blair and Glen G Waltrip Family Foundation,trade_group,Council on Foundations,member,https://cof.org/member-directory/non-members,,,
William T. Grant Foundation,trade_group,Council on Foundations,member,https://cof.org/member-directory/non-members,,,
Williamsburg Community Foundation,trade_group,Council on Foundations,member,https://cof.org/member-directory/non-members,,,
Williamsburg Health Foundation,trade_group,Council on Foundations,member,https://cof.org/member-directory/non-members,,,
Willmar Area Community Foundation,trade_group,Council on Foundations,member,https://cof.org/member-directory/non-members,,,
Wilson County Community Foundation,trade_group,Council on Foundations,member,https://cof.org/member-directory/non-members,,,
Winnipeg Foundation,trade_group,Council on Foundations,member,https://cof.org/member-directory/non-members,,,
Winona Community Foundation,trade_group,Council on Foundations,member,https://cof.org/member-directory/non-members,,,
The Winston-Salem Foundation,trade_group,Council on Foundations,member,https://cof.org/member-directory/non-members,,,
Wisconsin Philanthropy Network,trade_group,Council on Foundations,member,https://cof.org/member-directory/non-members,,,
WomenStrong International,trade_group,Council on Foundations,member,https://cof.org/member-directory/non-members,,,
"Robert W. Woodruff Foundation, Inc.",trade_group,Council on Foundations,member,https://cof.org/member-directory/non-members,,,
Mars Wrigley Foundation,trade_group,Council on Foundations,member,https://cof.org/member-directory/non-members,,,
Wyoming Community Foundation Fund,trade_group,Council on Foundations,member,https://cof.org/member-directory/non-members,,,
Wyomissing Foundation,trade_group,Council on Foundations,member,https://cof.org/member-directory/non-members,,,
Yadkin County Community Foundation,trade_group,Council on Foundations,member,https://cof.org/member-directory/non-members,,,
Yakima Valley Community Foundation,trade_group,Council on Foundations,member,https://cof.org/member-directory/non-members,,,
Yampa Valley Community Foundation,trade_group,Council on Foundations,member,https://cof.org/member-directory/non-members,,,
Yancey Foundation,trade_group,Council on Foundations,member,https://cof.org/member-directory/non-members,,,
Yawkey Foundation II,trade_group,Council on Foundations,member,https://cof.org/member-directory/non-members,,,
York County Community Foundation,trade_group,Council on Foundations,member,https://cof.org/member-directory/non-members,,,
"Your Community Foundation of North Central West Virginia, Inc.",trade_group,Council on Foundations,member,https://cof.org/member-directory/non-members,,,
Youth Climate Justice Fund,trade_group,Council on Foundations,member,https://cof.org/member-directory/non-members,,,
YouthBridge Community Foundation,trade_group,Council on Foundations,member,https://cof.org/member-directory/non-members,,,
Zebra Technologies Corporation Charitable Foundation,trade_group,Council on Foundations,member,https://cof.org/member-directory/non-members,,,
